"Horodatage","Geschlecht","Alter","Ausbildung","Deutsch...5","Hunde, die bellen, beißen nicht.","Eine Krähe hackt der andern kein Auge aus.","Die Katze lässt das Mausen nicht.","Geduld bringt Rosen.","Es fällt keine Eiche vom ersten Streiche.","Ein fauler Apfel steckt hundert an.","Schwein haben","jemandem einen Esel bohren","ein alter Hase sein","jemanden auf die Palme bringen","für jemanden die Kastanien aus dem Feuer holen","etwas durch die Blume sagen","1.     Eine Schwalbe macht noch ...","2.  Den Eseln, die das Korn zur Mühle tragen,  ...","3. Der Katzen Scherz ist …","4. Ein rollender Stein setzt ...","5. Unter Dornen wachsen ...","6. Wer das Laub fürchtet, bleibe ...","7. jemanden auf den Hund ...","8. arm sein wie eine ...","9. aus einer Mücke einen …","10. jemandem Rosen auf den Weg ...","11.  die Lorbeeren ...","12.  in die Binsen ...","Nennen Sie die zwei Phraseologismen (hier Sprichwörter und/oder sprichwörtliche Redensarten) mit Tier- und/oder Pflanzennamen, die Sie am häufigsten verwenden bzw. hören.","Nennen Sie die drei Sprichwörter mit Tier- und/oder Pflanzennamen, die Sie am häufigsten verwenden bzw. hören.","Geben Sie die drei sprichwörtlichen Redensarten mit Tier- und/oder Pflanzennamen, die Sie am häufigsten verwenden bzw. hören.","1.  Wer Gerste säen will, muss es den Hühnern nicht erzählen.","2. Einem geschenkten Gaul sieht man nicht ins Maul.","3. Eine schöne Blume steht nicht lange am Wege.","4. Keine Rose ohne Dornen.","5. Eulen nach Athen tragen","4. Perlen vor die Säue streuen","5. im Gerstenfeld mit seinen Gedanken sein","...40","6. bekannt sein wie ein gescheckter Hund","10. schlafen wie Dachs","1. Wer eine Elster ausschickt, dem kommt ein bunter Vogel wieder.","2. Lieber den Spatz in der Hand als eine Taube auf dem Dach.","3. Ein Esel schimpft den anderen Langohr.","4.  Ein fauler Apfel steckt hundert an.","5.  in den Nesseln sitzen","6.  jemanden hinter die Fichte führen","Deutsch...49","...50","Frage 1: 
Nennen Sie die zwei Phraseologismen mit Tier- und/oder Pflanzennamen, die Sie am häufigsten verwenden bzw. hören.","Bitte notieren Sie hier Ihre E-Mail-Adresse, wenn Sie an den Ergebnissen der Befragung interessiert sind.","Wie gut kennen Sie die folgenden Sprichwörter und sprichwörtlichen Redensarten?","...54","6.  jmdn. hinter die Fichte führen","7","...57"
2024-03-01 07:03:21,"weiblich","35-44 Jahre","Bachelor-Abschluss","Muttersprache","sehr gut bekannt","gut bekannt","sehr gut bekannt","sehr gut bekannt","nicht gut bekannt","gut bekannt","sehr gut bekannt","unbekannt","sehr gut bekannt","sehr gut bekannt","gut bekannt","sehr gut bekannt","keinen Sommer","-","-","-","Rosen","zuhause","bringen","Maus","Elefanten machen","streuen","ernten","gehen",NA,NA,NA,"Derjenige, der will, dass sein Plan gelingt, soll es nicht überall erzählen.","Es löhnt sich nicht, den Mangel eines Geschenks zu überprüfen.","Ein gutes Ding dauert an keinem öffentlichen Ort an.","Man hat kein wichtiges Ding, ohne ernsthaft zu leiden.","-","-","auf eine Sache nicht gut aufpassen",NA,"bekannt sein","tief schlafen",NA,"keine Variante",NA,"keine Variante","keine Variante","jemanden hinter die Fichte führen",NA,NA,"Wenn der Löwe brüllt, zittert der Wald. / Die Maus kommt in kein leeres Haus.",NA,NA,NA,NA,NA,NA
2023-10-27 09:10:03,"weiblich","65 und älter","Berufsausbildung","Muttersprache","sehr gut bekannt","sehr gut bekannt","sehr gut bekannt","sehr gut bekannt","nicht gut bekannt","sehr gut bekannt","sehr gut bekannt","nicht gut bekannt","sehr gut bekannt","sehr gut bekannt","sehr gut bekannt","sehr gut bekannt","Frühling","gebührt Achtung",NA,NA,"Rosen","zuhause","bringen","Kirchenmaus","Elefanten machen","Streuen","ernten","gehen",NA,NA,NA,"Hühner picken alles weg","Ein Geschenk soll nicht bewertet werden","Da widersteht keiners",NA,NA,"Schade um kostbares Gut, das nicht am rechten Ort landet","Da antwortet niemand",NA,"Ein auffälliges Merkmal aufweisen",NA,"Wer eine Elster ausschickt, dem kommt kein bunter Vogel zurück","Lieber den Spatz in der Hand und die Taube freigeben","Ein Esel ist nicht besser als der andere","Ein fauler Apfel steckt andere an","In der Patsche hocken","Jemanden hinters Licht führen",NA,NA,"Ich habe einen Bärenhunger/ 
Der Hund läßt das Bellen nicht. 
",NA,NA,NA,NA,NA,NA
2023-07-17 20:20:39,"weiblich","25-34 Jahre","Master-Abschluss","Muttersprache","sehr gut bekannt","unbekannt","nicht gut bekannt","unbekannt","unbekannt","unbekannt","sehr gut bekannt","unbekannt","sehr gut bekannt","sehr gut bekannt","nicht gut bekannt","sehr gut bekannt",NA,NA,NA,NA,"Die schönsten rosen",NA,"Bringen","Kirchenmaus","Elefanten machen","Legen","Ernten","Bringen",NA,NA,NA,"Unbeteiligte nichit in Kenntnis setzen müssen von einem vorhaben","Geschenke nicht hinterfragen","Was schön ist, wird geklaut?",NA,NA,"Etwas verschwenden an jemanden, den es nicht schätzt","Kenn ich nicht",NA,"Ich kenne: wie ein bunter hund.",NA,NA,"Kenn nur das","Kenn ich nicht",NA,"A",NA,NA,NA,"Einen Bären aufbinden, die Katze aus dem Sack lassen",NA,NA,NA,NA,NA,NA
2023-07-18 17:25:48,"männlich","45-54 Jahre","Promotion","Muttersprache","sehr gut bekannt","unbekannt","gut bekannt","unbekannt","unbekannt","unbekannt","sehr gut bekannt","unbekannt","sehr gut bekannt","sehr gut bekannt","gut bekannt","sehr gut bekannt","keinen Sommer",NA,NA,NA,NA,NA,"kommen","Kirchenmaus","Elefanten machen","legen",NA,NA,NA,NA,NA,"[unbekannt]
Vielleicht: nicht zu viel von seinen Plänen bekannt geben","Wenn man etwas geschenkt kriegt, soll man sich nicht über das Geschenk oder dessen Qualität beschweren (sondern es so annehmen, wie es ist)","[unbekannt]
Vielleicht: Etwas Schönes wird immer bemerkt",NA,NA,"Etwas (Wertvolles) verschwenden","[unbekannt]",NA,"sehr bekannt sein, weil sehr auffallend und aussergewöhnlich",NA,"[unbekannt]","Lieber einen Spatz in der Hand als eine Taube auf dem Dach.","[unbekannt]","[unbekannt]","sich in die Nesseln setzen","[unbekannt]",NA,NA,"jemandem einen Bären aufbinden
durch die Blume sagen",NA,NA,NA,NA,NA,NA
2024-03-24 13:32:05,"weiblich","18-24 Jahre","Master-Abschluss","Muttersprache","sehr gut bekannt","gut bekannt","sehr gut bekannt","sehr gut bekannt","nicht gut bekannt","gut bekannt","sehr gut bekannt","unbekannt","sehr gut bekannt","sehr gut bekannt","gut bekannt","sehr gut bekannt","keinen Frühling","unbekannt","der Mäuse Tod","keine Ahnung","Rosen","aus dem Walde","bringen","Kirchenmaus","Elefanten machen","streuen","ich weiss nicht","gehen",NA,NA,NA,"Ein geschickter Mensch muss verschwiegen sein","Ein Geschenktes darf man nicht kritisieren.","-","-","-","eine nette Aktion bzw. Geste nicht angemessen schätzen.","bei etwas mit dem Geist nicht anwesend sein",NA,"sehr bekannt sein","fest schlafen","Ich kenne dazu keine Variante","idem","Ein Esel schmpft den anderen Sackträger.","keine andere Form","idem","keine Variante",NA,NA,"Der Teufel ist ein Eichhörnchen. / Auch ein blindes Huhn findet mal  ein Korn.",NA,NA,NA,NA,NA,NA
2024-02-09 21:30:12,"männlich","55-64 Jahre","Berufsausbildung","Muttersprache","sehr gut bekannt","gut bekannt","sehr gut bekannt","sehr gut bekannt","gut bekannt","sehr gut bekannt","sehr gut bekannt","gut bekannt","sehr gut bekannt","sehr gut bekannt","gut bekannt","sehr gut bekannt","keinen Sommer","keine Ahnung","der Mäuse Tod","kein Moos an","Rosen","aus dem Walde","bringen","Kirchenmaus","Elefanten machen","werfen","ernten","-",NA,NA,NA,"Man verrät nicht den Feinden sein Geheimnis.","Ein Geschenk ist nicht zu überprüfen.","eine hübsche Frau ist schnell vergeben.","Kein Frieden ohne Krieg","etwas Wertloses machen","etwas Wertloses machen","-",NA,"über ein auffälliges Merkmales verfügen","fest schlafen",NA,"keine Ahnung","keine Ahunug","keine Ahnung","keine Ahnung","jemanden hinters Licht führen",NA,NA,"ein armes Schwein sein/leeres Stroh dreschen",NA,NA,NA,NA,NA,NA
2023-07-23 19:41:47,"männlich","25-34 Jahre","Promotion","Muttersprache","sehr gut bekannt","sehr gut bekannt","nicht gut bekannt","unbekannt","unbekannt","unbekannt","sehr gut bekannt","unbekannt","sehr gut bekannt","sehr gut bekannt","gut bekannt","sehr gut bekannt","keinen Sommer",NA,NA,NA,NA,NA,NA,"Kirchenmaus","Elefanten machen","Streuen",NA,NA,NA,NA,NA,NA,"Geschenke nimmt man auch dann gerne an, wenn sie Makel haben",NA,NA,NA,"Eine Anstrengung ist angesichts der Ignoranz oder Achtlosigkeit der/des Gegenüber(s) verschwendete Mühe",NA,NA,"Ich kenne: wie ein bunter Hund",NA,NA,NA,NA,NA,"Sich in die Nesseln setzen",NA,NA,NA,"Der frühe Vogel fängt den Wurm",NA,NA,NA,NA,NA,NA
2023-06-22 23:09:02,"männlich","25-34 Jahre","Master-Abschluss","Muttersprache","sehr unbekannt","sehr unbekannt","unbekannt","unbekannt","unbekannt","unbekannt","sehr gut bekannt","unbekannt","gut bekannt","sehr gutt bekannt","gut bekannt","sehr gut bekannt",NA,NA,NA,NA,NA,NA,NA,NA,NA,NA,NA,NA,NA,NA,NA,NA,NA,NA,NA,NA,NA,NA,NA,NA,NA,NA,NA,NA,NA,NA,NA,NA,NA,NA,NA,NA,NA,NA,NA,NA
2024-04-02 13:36:48,"weiblich","25-34 Jahre","Berufsausbildung","Muttersprache","sehr gut bekannt","unbekannt","sehr gut bekannt","sehr gut bekannt","nicht gut bekannt","gut bekannt","sehr gut bekannt","unbekannt","sehr gut bekannt","sehr gut bekannt","gut bekannt","sehr gut bekannt","keinen Sommer","weiss ich nicht","kenne ich nicht","keinen Staub","Rosen","aus dem Walde","bringen","Kirchenmaus","Elefanten machen","streuen","das weiss ich nicht","kenne ich nicht",NA,NA,NA,"Am Anfang eines neuen Projekts soll man vorsichtig sein, um das Geheimnis nicht zu verraten.",NA,"Keine wertvolle Sache ist vom Boden aufzuheben.","Um ein Glück zu haben, muss man Schwierigkeiten überwinden.","eine Tautologie machen","-","einer Sache nicht aufmerksam folgen",NA,"sehr bekannt sein","lang schlafen",NA,"Lieber den Spatz in der als einen Strauß auf dem Dach.","keine Variante kenne ich nicht","Ein fauler Apfel steckt hundert gesude an.","kenne ich nicht","weiss nicht",NA,NA,"eine weiche Birne haben & Der Apfel fällt nicht weit vom Stamm.",NA,NA,NA,NA,NA,NA
2023-07-17 17:44:02,"weiblich","18-24 Jahre","Abitur/Matura","Muttersprache","sehr gut bekannt","unbekannt","gut bekannt","nicht gut bekannt","unbekannt","unbekannt","sehr gut bekannt","unbekannt","sehr gut bekannt","sehr gut bekannt","sehr gut bekannt","sehr gut bekannt","keinen Sommer",NA,NA,NA,NA,NA,NA,"Kirchenmaus","Elefanten machen",NA,"einheimsen","gehen",NA,NA,NA,"kenne ich nicht","Man soll Geschenke nicht hinterfragen, sondern einfach annehmen","kenne ich nicht",NA,NA,"etwas Gutes verschwenden","kenne ich nicht",NA,"auffällig sein",NA,NA,NA,NA,NA,NA,"jemanden hinters Licht führen",NA,NA,"Einem geschenkten Gaul schaut man nicht ins Maul. / Der frühe Vogel fängt den Wurm.",NA,NA,NA,NA,NA,NA
2024-03-25 14:09:43,"männlich","65 und älter","Habilitation","Muttersprache","sehr gut bekannt","sehr gut bekannt","sehr gut bekannt","sehr gut bekannt","nicht gut bekannt","gut bekannt","sehr gut bekannt","unbekannt","sehr gut bekannt","sehr gut bekannt","gut bekannt","sehr gut bekannt","keinen Frühling","unbekannt","der Mäuse Tod","keine Ahnung","Rosen","aus dem Walde","bringen","keine Ahnung","Elefanten machen","streuen","keine Ahnung","gehen",NA,NA,NA,"Beim Aufstellen eines Projekts muss man geheim halten.","Ein Geschenk soll man nicht kritisieren.","Das Schöne ist leicht vergeben.","Jede gute Sache eine Kehrseite.","einen Unwert machen","eine Belanglosigkeit vornehmen","bei einer Sache nicht gut konzentriert sein",NA,"sehr gut bekannt sein","tief und frst schlafen","-","Besser ein Spatz in der Hand als eine Taube auf dem Dach.","Ein Esel schilt den anderen Sackträger.","-","-","jemanden hinters Licht führen",NA,NA,"einen Kater haben / jemandem einen Bären aufbinden",NA,NA,NA,NA,NA,NA
2023-07-18 17:16:47,"weiblich","25-34 Jahre","Master-Abschluss","Muttersprache","sehr gut bekannt","nicht gut bekannt","unbekannt","gut bekannt","unbekannt","unbekannt","sehr gut bekannt","unbekannt","sehr gut bekannt","sehr gut bekannt","nicht gut bekannt","sehr gut bekannt","keinen Sommer",NA,NA,NA,NA,NA,"bringen","Kirchenmaus","Elefanten machen",NA,NA,"jagen?",NA,NA,NA,"unbekannt","Wenn man ein Geschenk erhält, beschwert man sich nicht darüber (weil es nicht schön ist, nicht ganz dem Geschmack entspricht etc.)","unbekannt",NA,NA,"Etwas verschwenden","unbekannt",NA,"unbekannt (ich kenne: ""bekannt sein wie ein bunter Hund"" = sehr bekannt sein)",NA,"unbekannt","keine Variation bekannt","unbekannt","unbekannt","sich in die Nesseln setzen","unbekannt",NA,NA,"Die zwei sind wie Katz und Maus. / Der Apfel fällt nicht weit vom Stamm.",NA,NA,NA,NA,NA,NA
2023-07-21 09:08:39,"weiblich","18-24 Jahre","Bachelor-Abschluss","Muttersprache","gut bekannt","nicht gut bekannt","gut bekannt","nicht gut bekannt","unbekannt","gut bekannt","sehr gut bekannt","unbekannt","nicht gut bekannt","sehr gut bekannt","unbekannt","nicht gut bekannt",NA,NA,NA,NA,NA,NA,NA,"Maus","Elefanten machen.",NA,"gewinnen.",NA,NA,NA,NA,"Kenne ich nicht.","Wenn man etwas Geschenk bekommt hinterfragt man das nicht.","Kenne ich nicht.",NA,NA,"Etwas wertvolles jemandem geben der s nicht schätzt.","Kenne ich nicht.",NA,"Kenne ich nicht.",NA,"Kenne ich nicht.","Kenne ich nicht.","Kenne ich nicht.","Kenne ich nicht.","Kenne ich nicht.","Kenne ich nicht.",NA,NA,"Zwei Fliegen mit einer Klappe schlagen. Einem geschenkten Gaul schaut man nicht ins Maul.",NA,NA,NA,NA,NA,NA
2023-07-18 20:01:57,"weiblich","25-34 Jahre","Master-Abschluss","Muttersprache","sehr gut bekannt","unbekannt","unbekannt","unbekannt","unbekannt","unbekannt","sehr gut bekannt","unbekannt","sehr gut bekannt","sehr gut bekannt","unbekannt","sehr gut bekannt","keinen Star",NA,NA,NA,NA,NA,NA,NA,"Elefanten machen",NA,"ernten","gehen",NA,NA,NA,"unbekannt","den Wert eines Geschenks nicht überprüfen","unbekannt",NA,NA,"etwas Kostbares verschwenden","unbekannt",NA,"sehr bekannt sein für etwas Ungewöhnliches",NA,NA,"Lieber den Spatz in der Hand als die Taube auf dem Dach",NA,NA,NA,"jemanden hinters Licht führen",NA,NA,"Perlen vor die Säue werfen; die Katze aus dem Sack lassen",NA,NA,NA,NA,NA,NA
2024-03-12 08:29:08,"weiblich","65 und älter","Promotion","Muttersprache","sehr gut bekannt","sehr gut bekannt","sehr gut bekannt","sehr gut bekannt","sehr gut bekannt","sehr gut bekannt","sehr gut bekannt","gut bekannt","sehr gut bekannt","sehr gut bekannt","gut bekannt","sehr gut bekannt","keinen Sommer","kommt die Spreu","der Mäuse Tod","kein Moos an","Rosen","zuhause","bringen","keine Ahnung","Elefanten machen","werfen","ernten","gehen",NA,NA,NA,NA,NA,NA,NA,NA,NA,NA,NA,NA,NA,NA,NA,NA,NA,"keine Ahnung","jemanden hinters Licht führen",NA,NA,"das Pferd am Schwanz aufzäumen / einen Vogel haben",NA,NA,NA,NA,NA,NA
2024-03-12 15:12:45,"männlich","35-44 Jahre","Master-Abschluss","Muttersprache","sehr gut bekannt","sehr gut bekannt","sehr gut bekannt","sehr gut bekannt","sehr gut bekannt","sehr gut bekannt","sehr gut bekannt","gut bekannt","sehr gut bekannt","sehr gut bekannt","sehr gut bekannt","sehr gut bekannt","keinen Sommer","-","-","kein Moos an","Rosen","aus dem Wald","bringen","Kirchenmaus","Elefanten machen","streuen","ernten","hauen",NA,NA,NA,"keine Ahnung","Das Geschenk soll man nicht negativ bewerten.","kenne ich nicht","Jede Sache hat ihre Schattenseite.","-","Überflüssiges machen","kenne ich nicht",NA,"sehr gut bekannt sein","tief schlafen","kenne ich nicht","Besser ein Spatz in der Hand als eine Taube auf dem Dach.","-","-","keine Ahnung","jemanden hinters Licht führen",NA,NA,"Hungrige Schweine wühlwn am meisten. / Wenn der Baum gefällt ist, rühmt man seinen Schatten.",NA,NA,NA,NA,NA,NA
2024-03-15 10:11:46,"männlich","25-34 Jahre","Master-Abschluss","Muttersprache","sehr gut bekannt","gut bekannt","sehr gut bekannt","sehr gut bekannt","unbekannt","unbekannt","sehr gut bekannt","unbekannt","sehr gut bekannt","sehr gut bekannt","gut bekannt","sehr gut bekannt","keinen Sommer","ich weiss nicht","keine Ahnung","weiss ich nicht","Rosen","aus dem Walde","keine Ahnung","Kirchenmaus","Elefanten machen","streuen","-","gehen",NA,NA,NA,"keine Ahnung","An einem Geschenk soll man nicht mäkeln.","-","Jedes Ding hat zwei Seiten: eine gute und eine schlechte.","-","keine Ahnung","bei einer Sache unkonzentriert sein",NA,"sehr gut bekannt sein","Taugenichts sein","-","Der Spatz in der Hand ist besser als eine Taube auf dem Dach.","keine Variante","-","-","jemanden hinters Licht führen",NA,NA,"jemanden duch den Kakao ziehen / Jede Bäuerin lobt ihre Kuh.",NA,NA,NA,NA,NA,NA
2024-03-02 10:52:29,"männlich","65 und älter","Sekundarabschluss","Muttersprache","sehr gut bekannt","gut bekannt","sehr gut bekannt","sehr gut bekannt","gut bekannt","sehr gut bekannt","sehr gut bekannt","unbekannt","sehr gut bekannt","sehr gut bekannt","sehr gut bekannt","sehr gut bekannt","keinen Sommer","wird Stroh","-","-","Rosen","-","-","-","Elefanten machen","werfen","ernten","gehen",NA,NA,NA,"-","Man prüft kein Geschenk nach.","Die schönen Frauen sind schnell vergeben.","Es gibt keinen Preis ohne Arbeit.","ein unnötiges Ding machen","ein wertloses Ding machen","-",NA,"auffällig sein","lange eingeschlafen sein",NA,"keine Ahnung","keine Ahnung","keine Ahnung","keine","keine Ahnung",NA,NA,"An der Frucht erkennt man den Baum. / durch die Blume sagen",NA,NA,NA,NA,NA,NA
2023-07-17 15:20:09,"weiblich","25-34 Jahre","Bachelor-Abschluss","Muttersprache","sehr gut bekannt","unbekannt","nicht gut bekannt","unbekannt","unbekannt","unbekannt","sehr gut bekannt","unbekannt","sehr gut bekannt","sehr gut bekannt","unbekannt","sehr gut bekannt","keinen Sommer",NA,NA,NA,"Rosen",NA,"(bringen)?","Kirchenmaus","Elefanten machen","streuen","einheimsen",NA,NA,NA,NA,"Ich kenne das Sprichwort nicht. Es bedeutet vielleicht: Man soll Leuten nicht seine Geheimnisse/Pläne anvertrauen.","An einem Geschenk soll man nicht herumnörgeln","Ich kenne das Sprichwort nicht wirklich. Wahrscheinlich bedeutet es: Ein schönes Mädchen, eine schöne Frau bleibt nicht lange allein.",NA,NA,"Etwas wertvolles an jemanden verschwenden, der es nicht wertschätzen kann","Ich kenne das Sprichwort nicht, ich weiss nicht, was es bedeutet.",NA,"Ich kenne das Sprichwort nicht, ich weiss nicht, was es bedeutet.",NA,NA,"Lieber den Spatz in der Hand als die Taube auf dem Dach.",NA,NA,"sich in die Nesseln setzen","Jemanden hinters Licht führen",NA,NA,"jemandem die Würmer aus der Nase ziehen; keiner Fliege etwas zuleide tun",NA,NA,NA,NA,NA,NA
2024-03-06 16:33:45,"männlich","45-54 Jahre","Berufsausbildung","Muttersprache","sehr gut bekannt","nicht gut bekannt","sehr gut bekannt","sehr gut bekannt","nicht gut bekannt","sehr gut bekannt","sehr gut bekannt","unbekannt","sehr gut bekannt","sehr gut bekannt","sehr gut bekannt","sehr gut bekannt","keinen Frühling","wird die Spreu","kenne ich nicht","kenne ich nicht",NA,"in der Stadt","bringen","Kirchenmaus","Elefanten machen","streuen","ernten","gehen",NA,NA,NA,"Man soll seinen GegnerInnern seine Geheimnis nicht erzählen.","Ein Geschenktes ist nicht nachzuprüfen.","Gutes ist schnell weg.","Jede Sache hat eine Kehrseite.","Unnötiges unternehmen","Sinnloses machen","unkonzentriert sein",NA,"gut bekannt sein","schlafen","kenne ich nicht","Besser ein Spatz in der Hand als eine Taube auf dem Dach.","kenne ich nicht","kenne ich nicht","sich in die Nesseln setzen","jemanden hinters Licht führen",NA,NA,"einen Vogel haben / Einem geschenkten Gaul schaut man nicht ins Maul.",NA,NA,NA,NA,NA,NA
2024-02-10 17:50:18,"männlich","45-54 Jahre","Habilitation","Muttersprache","sehr gut bekannt","gut bekannt","sehr gut bekannt","sehr gut bekannt","gut bekannt","sehr gut bekannt","sehr gut bekannt","unbekannt","sehr gut bekannt","sehr gut bekannt","gut bekannt","sehr gut bekannt","keinen Sommer","ich weiss nicht","der Mäuse Tod","kein Moos an","Rosen","aus dem Wald","bringen","-","Elefanten machen","streuen","einheimsen","gehen",NA,NA,NA,"Wer sein Projekt zum Erfolg führen will, darf es seinen Feinden nicht verraten.","Ein Geschenk soll nicht negativ bewertet werden","Eine geschätzte Person ist immer begehrt.","kein Preis ohne Arbeit","eine Redundanz machen","keine Ahnung","Ich weiss das nicht",NA,"auffällig sein","-","unbekannt","keine andere Variante",NA,"keine Variante","Keine Variante","jemanden hinters Licht führen",NA,NA,"sich auf seinen Lorbeeren ausruhen/ Hunde, die bellen, beissen nicht.",NA,NA,NA,NA,NA,NA
2024-04-02 10:38:31,"weiblich","55-64 Jahre","Promotion","Muttersprache","sehr gut bekannt","gut bekannt","sehr gut bekannt","sehr gut bekannt","nicht gut bekannt","sehr gut bekannt","sehr gut bekannt","unbekannt","sehr gut bekannt","sehr gut bekannt","sehr gut bekannt","sehr gut bekannt","keinen Sommer","Das kenne ich nicht","der Mäuse Tod","keine Ahnung","Rosen","aus dem Walde","-","Kirchenmaus","Elefanten machen","streuen","keine Ahnung","keine Ahnung",NA,NA,NA,"Zum Erfolg muss man seine Absicht nicht zu früh preisgeben.","Man soll ein Geschenk nicht nachprüfen.","Die Schönheit ist geschätzt.","Wo es keine Schwierigkeit gibt, kann man kein Glück hoffen.","Unwichtigkeit machen","etwas Sinnlosem frönen","geistesabwesend sein",NA,"jemand, der gut bekannt ist","tief schlafen",NA,"Der Spatz in der Hand ist besser als eine Taube auf dem Dach.","Ein Esel nennt den anderen Sackträger",NA,"sich in die Nesseln setzen","jemanden hinters Licht führen",NA,NA,"Schwein haben / einen Bärenhunger haben",NA,NA,NA,NA,NA,NA
2023-07-20 17:34:44,"weiblich","25-34 Jahre","Bachelor-Abschluss","Muttersprache","sehr gut bekannt","unbekannt","gut bekannt","gut bekannt","nicht gut bekannt","nicht gut bekannt","sehr gut bekannt","unbekannt","sehr gut bekannt","sehr gut bekannt","gut bekannt","sehr gut bekannt","keinen Lärm",NA,"des Halters Schmerz","einen Berg in Bewegung","Rosen","zu Hause","kommen","Kirchenmaus","Elefanten machen","streuen","einstreichen","springen",NA,NA,NA,"Wenn man Erfolg haben will, sollte man nicht alles rumerzählen.","Ein Geschenk soll nicht bewertet werden, da es schliesslich gratis war.","Alles vergeht, besonders Schönheit.",NA,NA,"Einen Einsatz, der von den Nutzniessenden nicht gewürdigt wird.","Vielleicht wenn man noch ganz zu Beginn einer neuen Idee steckt?",NA,"Etwas offensichtliches.",NA,NA,NA,NA,"Ein fauler Apfel infisziert hundert.","in den Nesseln sein","jemanden hinter die Fichte bringen",NA,NA,"Die Sau rauslassen, rot wie eine Rose sein.",NA,NA,NA,NA,NA,NA
2023-07-24 15:39:32,"weiblich","18-24 Jahre","Abitur/Matura","Muttersprache","sehr gut bekannt","nicht gut bekannt","nicht gut bekannt","unbekannt","unbekannt","unbekannt","sehr gut bekannt","unbekannt","sehr gut bekannt","sehr gut bekannt","unbekannt","sehr gut bekannt",NA,NA,NA,NA,"Rosen",NA,NA,"Kirchenmaus","Elefanten machen","legen","pflücken","gehen",NA,NA,NA,NA,"Ein Geschenk annehmen, nicht hinterfragen (""gratis isch gratis"").",NA,NA,NA,NA,NA,NA,"sehr aussergewöhnlich auffallen und daher bekannt sein",NA,NA,NA,NA,NA,NA,NA,NA,NA,"""Das schleckt keine Kuh weg."" und ""Den Wald vor lauter Bäumen nicht sehen.""",NA,NA,NA,NA,NA,NA
2024-02-09 20:19:18,"männlich","65 und älter","Bachelor-Abschluss","Muttersprache","sehr gut bekannt","sehr gut bekannt","sehr gut bekannt","sehr gut bekannt","gut bekannt","sehr gut bekannt","sehr gut bekannt","unbekannt","sehr gut bekannt","sehr gut bekannt","sehr gut bekannt","sehr gut bekannt","keinen Sommer","ich weiss nicht","der Mäuse Tod","kein Moos an","Rosen","aus dem Wald","bringen","Kirchenmaus","Elefanten machen","streuen","ernten","gehen",NA,NA,NA,"Man muss sein Projekt für sich behalten","Ein Geschenk soll man nicht ver-/beurteilen.","Eine schöne Sache ist begehrt.","Man hat einen Lohn nach einer Arbeit","unwichtig machen","unwichtig machen","weiss nicht",NA,"auffällig sein","lang schlafen","das weiss ich nicht","-","-","-","-","-",NA,NA,"Der Apfel fällt nicht weit vom Stamm. Äpfel mit Birnen vergleichen",NA,NA,NA,NA,NA,NA
2023-06-26 11:25:34,"weiblich","25-34 Jahre","Master-Abschluss","Muttersprache","sehr gut bekannt","unbekannt","sehr gut bekannt","unbekannt","unbekannt","unbekannt","sehr gut bekannt","unbekannt","gut bekannt","sehr gut","nicht gut bekannt","sehr gut","keinen Sommer","wird die Weizen","der Mäuse Tod","kein Moos an","Rosen","aus dem Wald","bringen","Kichenmaus","Elefanten machen","streuen","ernten","fahren",NA,NA,NA,"Um Erfolg zu haben, soll man nicht alles herumerzählen","Diese Redewendung kenne ich nicht.","Das schöne Dinge schnell zu ""schlecher/negativer"" Aufmerksamkeit führen können. Aber auch dieses Sprichwort bin ich nicht sehr geläufig.","Das auch schöne Dinge ihre gefährlichen Seiten haben.","Etwas tun, dass keinen Sinn macht/ zwecklos ist.","Etwas verschwenden","Das kenn ich nicht.","Das Gute/Nützliche vom Schlechten/Unnützen trennen","Auffallen und in aller Munde sein.","Dieses kenn ich auch nicht.","Das kenn ich nicht","Es ist besser etwas im Griff zu haben, als keine Kontrolle zu haben.","Andere kritisieren, ohne sich selber kritisch zu hinterfragen/ auf seine eigenen Taten zu achten","Dieses kenn ich auch nicht.","In einer brenzligen Sitiation sein","Kenn ich auch nicht",NA,NA,NA,NA,NA,NA,NA,NA,NA
2023-07-17 19:36:40,"weiblich","18-24 Jahre","Bachelor-Abschluss","Muttersprache","sehr gut bekannt","nicht gut bekannt","nicht gut bekannt","nicht gut bekannt","unbekannt","unbekannt","sehr gut bekannt","nicht gut bekannt","sehr gut bekannt","sehr gut bekannt","unbekannt","sehr gut bekannt","keinen Sommer",NA,NA,NA,"Rosen",NA,NA,"Kirchenmaus","Elefanten machen",NA,"ernten","gehen",NA,NA,NA,NA,"Geschenke nicht kritisieren, annehmen",NA,NA,NA,"Etwas sehr gutes für etwas nicht so wichtiges brauchen",NA,NA,"bekannt sein",NA,NA,NA,NA,NA,NA,NA,NA,NA,"Schwein gehabt, das geht auf keine Kuhhaut",NA,NA,NA,NA,NA,NA
2024-02-09 17:49:08,"weiblich","25-34 Jahre","Bachelor-Abschluss",NA,"gut bekannt","unbekannt","nicht gut bekannt","nicht gut bekannt","unbekannt","unbekannt","sehr gut bekannt","unbekannt","sehr gut bekannt","gut bekannt","nicht gut bekannt","gut bekannt","kein Nest.",NA,NA,NA,NA,NA,NA,"Maus","Elefanten machen",NA,"ernten",NA,NA,NA,NA,"(Vermutlich) das Hab und Gut vor Gier schützen","Ein Geschenk soll man nicht ver-/beurteilen.","Was gut ist, wird genommen.",NA,NA,"etwas verschwenden bzw. falsch einsetzen",NA,NA,NA,NA,NA,"den Spatz lieber in der Hand haben als die Taube auf dem Dach",NA,NA,"sich in die Nesseln setzen",NA,"Erstsprache",NA,"Der Apfel fällt nicht weit vom Stamm. 
fleissig wie eine Biene","martina.eberle@uzh.ch",NA,NA,NA,NA,NA
2023-07-17 14:41:13,"weiblich","18-24 Jahre","Abitur/Matura","Muttersprache","sehr gut bekannt","unbekannt","nicht gut bekannt","unbekannt","unbekannt","unbekannt","sehr gut bekannt","unbekannt","sehr gut bekannt","sehr gut bekannt","unbekannt","gut bekannt",NA,NA,NA,NA,NA,NA,"Nehmen","Kirchenmaus","Elefanten machen",NA,"Ernten",NA,NA,NA,NA,"Unbekannt","Geschenke nicht hinterfragen und dankbar sein für das, was man bekommt.","Unbekannt",NA,NA,"Unbekannt","Unbekannt",NA,"Auffallend sein",NA,NA,NA,NA,NA,NA,NA,NA,NA,"Da ist Gras drüber gewachsen 
Der Apfel fällt nicht weit vom Stamm",NA,NA,NA,NA,NA,NA
2023-07-21 10:26:41,"weiblich","25-34 Jahre","Master-Abschluss","Muttersprache","gut bekannt","unbekannt","nicht gut bekannt","unbekannt","unbekannt","unbekannt","sehr gut bekannt","unbekannt","gut bekannt","sehr gut bekannt","nicht gut bekannt","sehr gut bekannt",NA,NA,NA,NA,"Rosen.",NA,"bringen","Kirchenmaus","Elefanten machen","streuen","einstreichen","gehen",NA,NA,NA,NA,"ein gutes Angebot / eine gute Gelegenheit nicht ausschlagen / verpassen","Wenn man eine gute Gelegenheit nicht nutzt, wird es jemand anderes tun. ggf. auch für schöne Personen (Frauen?), die schnell verheiratet werden?",NA,NA,"etwas verschwenden; jemandem etwas zu Gute kommen lassen, der/die das nicht zu schätzen weiss",NA,NA,"auffällig sein, sich von anderen abheben, ein Sonderling sein",NA,NA,"Lieber den Spatz auf der Hand als die Taube auf dem Dach.",NA,NA,"sich in die Nesseln setzen",NA,NA,NA,"Schwein haben,  den inneren Sauhund bezwingen",NA,NA,NA,NA,NA,NA
2024-04-05 09:17:23,"weiblich","25-34 Jahre","Bachelor-Abschluss","Muttersprache","sehr gut bekannt","gut bekannt","sehr gut bekannt","sehr gut bekannt","nicht gut bekannt","nicht gut bekannt","sehr gut bekannt","unbekannt","sehr gut bekannt","sehr gut bekannt","nicht gut bekannt","sehr gut bekannt","keinen Frühling","unbekannt","unbekannt","keine Ahnung","Rosen","ich weiss nicht","bringen","keine Ahnung","Elefanten machen","streuen","keine Ahnung","ich weiss nicht",NA,NA,NA,NA,NA,NA,NA,NA,NA,NA,NA,NA,NA,NA,NA,NA,NA,NA,NA,NA,NA,"etwas durch die Blume sagen / einen Vogel haben",NA,NA,NA,NA,NA,NA
2023-07-19 18:18:43,"weiblich","18-24 Jahre","Abitur/Matura","Muttersprache","sehr gut bekannt","unbekannt","unbekannt","unbekannt","unbekannt","unbekannt","sehr gut bekannt","unbekannt","sehr gut bekannt","sehr gut bekannt","unbekannt","sehr gut bekannt",NA,NA,NA,NA,NA,NA,NA,"Kirchenmaus","Elefanten machen","legen","einheimsen","hauen",NA,NA,NA,"Unbekannt","Was man gratis/sehr günstig bekommt, hinterfragt man nicht.","Schöne Frauen (/Personen) sind schnell vergeben.",NA,NA,"unbekannt","unbekannt",NA,"Personen, die so prominent sind, dass sie ""weltweit"" bekannt sind.",NA,NA,NA,NA,NA,NA,NA,NA,NA,"Du gehst mir tierisch auf den Keks. 
Da wird doch der Hund in der Pfanne verrückt.",NA,NA,NA,NA,NA,NA
2023-10-26 23:21:44,"weiblich","25-34 Jahre","Berufsausbildung","Muttersprache","sehr gut bekannt","nicht gut bekannt","nicht gut bekannt","gut bekannt","nicht gut bekannt","unbekannt","sehr gut bekannt","nicht gut bekannt","sehr gut bekannt","sehr gut bekannt","unbekannt","sehr gut bekannt",NA,NA,NA,NA,NA,NA,NA,NA,NA,NA,NA,NA,NA,NA,NA,"nicht alles allen erzählen","nicht nach dem Preis fragen","schöne sachen sind begehrter",NA,NA,"kenn ich nicht","kenn ich nicht",NA,"kenn ich nicht",NA,NA,NA,NA,NA,NA,NA,NA,NA,NA,NA,NA,NA,NA,NA,NA
2023-07-17 22:33:04,"weiblich","18-24 Jahre","Abitur/Matura","Muttersprache","sehr gut bekannt","nicht gut bekannt","nicht gut bekannt","nicht gut bekannt","unbekannt","nicht gut bekannt","sehr gut bekannt","unbekannt","sehr gut bekannt","sehr gut bekannt","unbekannt","sehr gut bekannt","keinen Sommer",NA,NA,NA,"Blumen",NA,NA,NA,"Elefanten machen","legen","ernten",NA,NA,NA,NA,"Man soll seine Pläne für sich behalten (und nicht der Konkurrenz erzählen)","Geschenkte Dinge sollte man nicht hinterfragen, sondern annehmen ohne zu meckern","Schöne Menschen sind nicht lange single",NA,NA,"kenne ich nicht",NA,NA,"Jede:r kennt diese Person",NA,NA,NA,NA,NA,"in die Nesseln setzen",NA,NA,NA,"Der Apfel fällt nicht weit vom Stamm",NA,NA,NA,NA,NA,NA
2023-07-18 21:07:28,"weiblich","25-34 Jahre","Master-Abschluss","Muttersprache","gut bekannt","unbekannt","unbekannt","nicht gut bekannt","unbekannt","unbekannt","sehr gut bekannt","nicht gut bekannt","sehr gut bekannt","sehr gut bekannt","nicht gut bekannt","sehr gut bekannt",NA,NA,NA,NA,NA,NA,NA,NA,"Elefanten machen",NA,NA,NA,NA,NA,NA,"Unbekannt",NA,"Unbekannt",NA,NA,"Unbekannt","Unbekannt",NA,"Unbekannt",NA,NA,NA,NA,NA,NA,NA,NA,NA,NA,NA,NA,NA,NA,NA,NA
2023-07-18 16:59:49,"weiblich","25-34 Jahre","Bachelor-Abschluss","Muttersprache","sehr gut bekannt","unbekannt","nicht gut bekannt","unbekannt","unbekannt","unbekannt","sehr gut bekannt","unbekannt","sehr gut bekannt","sehr gut bekannt","gut bekannt","sehr gut bekannt","keinen Sommer",NA,NA,NA,NA,NA,"bringen","Kirchenmaus","Elefanten machen",NA,"ernten","gehen",NA,NA,NA,"Unbekannt","Ein Geschenk sollte man nicht allzu genau prüfen bzw. nicht undankbar sein","unbekannt",NA,NA,"Geld oder Ressourcen verschwenden","unbekannt",NA,"Besonders bekannt für seine auffällige Art sein",NA,NA,NA,NA,NA,"In der Klemme sitzen","Jemanden hinters Licht führen",NA,NA,"""etwas durch die Blume sagen"" / ""wo sich Fuchs und Hase gute Nacht sagen""",NA,NA,NA,NA,NA,NA
2023-07-31 15:02:56,"weiblich","25-34 Jahre","Master-Abschluss","Muttersprache","sehr gut bekannt","gut bekannt","nicht gut bekannt","unbekannt","unbekannt","unbekannt","sehr gut bekannt","unbekannt","sehr gut bekannt","sehr gut bekannt","nicht gut bekannt","sehr gut bekannt","keinen Sommer",NA,NA,NA,NA,NA,NA,"Kirchenmaus","Elefanten machen",NA,"ernten","gehen?",NA,NA,NA,"kenne ich nicht","bei geschenken sollte man nicht auf den preis achten","kenn ich nicht",NA,NA,NA,NA,NA,NA,NA,NA,NA,NA,NA,NA,NA,NA,NA,"Keine schlafenden Hund wecken. Wurzeln schlagen.",NA,NA,NA,NA,NA,NA
2024-03-20 10:23:54,"männlich","18-24 Jahre","Abitur/Matura","Muttersprache","sehr gut bekannt","gut bekannt","sehr gut bekannt","sehr gut bekannt","unbekannt","gut bekannt","sehr gut bekannt","unbekannt","sehr gut bekannt","sehr gut bekannt","nicht gut bekannt","sehr gut bekannt","keinen Sommer","unbekannt","unbekannt","unbekannt","Rosen","aus dem Walde","bringen","Kirchenmaus","Elefanten machen","streuen","weiss ich nicht","gehen",NA,NA,NA,"kenne ich nicht","Ein Geschenk ist nicht nachzuprüfen.","Eine schöne Sache ist schnell vergeben.","Jede Sache hat ihre Dunkelzone.","das weiss ich nicht","keine Ahnung","keine Ahnung",NA,"gut bekannt","tief schlafen","kenne ich nicht","Besser ein Spatz in der Hand als eine Taube auf dem Dach.","keine Variante kenne ich nicht","keine Variante","keine Variante","keine Variante",NA,NA,"die Katze im Sach kaufen / Schmetterlinge im Bauch haben",NA,NA,NA,NA,NA,NA
2024-03-22 10:44:53,"weiblich","35-44 Jahre","Master-Abschluss","Muttersprache","sehr gut bekannt","gut bekannt","sehr gut bekannt","sehr gut bekannt","gut bekannt","gut bekannt","sehr gut bekannt","nicht gut bekannt","sehr gut bekannt","sehr gut bekannt","gut bekannt","sehr gut bekannt","keinen Sommer","unbekannt","keine Ahnung","keine Ahnung","Rosen","keine Ahnung","bringen","Kirchenmaus","Elefanten machen","streuen","ernten","gehen",NA,NA,NA,"Wer Erfolg haben will, muss nicht herumerzählen.","Man hat nicht zu bemäkeln, was man kostenlos bekommen hat.","Eine schöne Sache verbleibt nicht draussen.","Nichts ist zu gewinnen, ohne Schwierigkeiten zu erdulden.","das weiss ich nicht","etwas Sinnloses machen","kenne ich nicht",NA,"sehr gut bekannt sein","schlafen","keine Ahnung","das weiss ich nicht","keine Variante kenne ich nicht","keine Ahnung","sich in die Nesseln setzen","jemanden an der Nase herumführen",NA,NA,"Katzenwäsche machen / fleißig sein wie eine Biene",NA,NA,NA,NA,NA,NA
2023-07-21 10:44:15,"weiblich","18-24 Jahre","Abitur/Matura","Muttersprache","unbekannt","unbekannt","nicht gut bekannt","unbekannt","unbekannt","unbekannt","sehr gut bekannt","unbekannt","sehr gut bekannt","gut bekannt","unbekannt","nicht gut bekannt",NA,NA,"Keine Ahnung","Keine Ahnung","Keine Ahnung","Keine Ahnung","Keine Ahnung","Maus","Elefanten machen","Legen","Aus jemanden Garten picken","Keine Ahnung",NA,NA,NA,"Wer einen Plan hat, ein Ziel, eine „Mission“, soll das vorerst für sich behalten und nicht anderen erzählen, denn diese könnten Missgunst und Neid und negativen Einfluss bringen, und einem die Träume ausreden. Erst wenn man seine Gersten gesäht hat und seine Ziele erreicht, soll und kann man darüber sprechen","Keine Ahnung","Die schönen Blumen werden als erstes gepflückt, so ist es auch bei den Menschen. Ist man zu schön und lieb zu allen, kann man schnell ausgenutzt werden.",NA,NA,"Keine Ahnung","Keine Ahnung",NA,"Keine Ahnung",NA,"Keine Ahnung","Keine Ahnung","Keine Ahnung","Keine Ahnung","In der Patsche/Falle sitzen","Jemanden hinters Licht führen",NA,NA,"Einen Bärenhunger haben, Hundemüde sein",NA,NA,NA,NA,NA,NA
2023-07-18 16:28:31,"weiblich","18-24 Jahre","Bachelor-Abschluss","Muttersprache","sehr gut bekannt","nicht gut bekannt","gut bekannt","unbekannt","unbekannt","unbekannt","sehr gut bekannt","unbekannt","sehr gut bekannt","sehr gut bekannt","nicht gut bekannt","gut bekannt",NA,NA,NA,NA,NA,NA,"bringen",NA,"Elefant machen","legen","ernten",NA,NA,NA,NA,"Kenne ich nicht.","Ein Geschenk, egal ob es wirklich toll ist, wird dankend angenommen. Man muss froh sein, wenn man überhaupt etwas kriegt.","Kenne ich nicht.",NA,NA,"Kenne ich nicht.","Kenne ich nicht.",NA,"Kenne ich nicht.",NA,NA,NA,NA,NA,NA,NA,NA,NA,"jmd. einen Bären aufbinden, die Katze aus dem Sack lassen",NA,NA,NA,NA,NA,NA
2024-04-15 21:12:45,"weiblich","45-54 Jahre","Berufsausbildung","Muttersprache","sehr gut bekannt","unbekannt","sehr gut bekannt","sehr gut bekannt","gut bekannt","gut bekannt","sehr gut bekannt","nicht gut bekannt","sehr gut bekannt","sehr gut bekannt","gut bekannt","sehr gut bekannt","keinen Sommer",NA,NA,NA,NA,"aus dem Wald",NA,NA,"Elefanten machen",NA,"ernten",NA,NA,NA,NA,NA,"Eine Spende ist bemäkeln",NA,NA,NA,NA,"bei einer Sache nicht konzentriert sein",NA,NA,NA,NA,NA,NA,NA,NA,NA,NA,NA,"ein Hühnchen rupfen / auf die Palme bringen",NA,NA,NA,NA,NA,NA
2024-03-15 15:29:42,"männlich","18-24 Jahre","Bachelor-Abschluss","Muttersprache","sehr gut bekannt","gut bekannt","sehr gut bekannt","sehr gut bekannt","unbekannt","gut bekannt","sehr gut bekannt","unbekannt","sehr gut bekannt","sehr gut bekannt","nicht gut bekannt","sehr gut bekannt","keinen Frühling","ich weiss nicht","der Mäuse Tod","kein Moos","Rosen","aus dem Walde","bringen","Kirchenmaus","Elefanten machen","streuen","ernten","gehen",NA,NA,NA,"kenne ich nicht","Ein Geschenk soll nicht bemäkeln.","-","ich weiss nicht","kenne ich nicht","keine Ahnung","-",NA,"sehr gut bekannt sein","schlafen","keine Variante","keine Variante","-","-","sich in die Nesseln setzen","jemanden hinters Licht führen",NA,NA,"einen Kater haben / die Katze aus dem Sack lassen",NA,NA,NA,NA,NA,NA
2024-03-26 08:00:10,"männlich","35-44 Jahre","Sekundarabschluss","Muttersprache","sehr gut bekannt","gut bekannt","sehr gut bekannt","sehr gut bekannt","gut bekannt","gut bekannt","sehr gut bekannt","unbekannt","sehr gut bekannt","sehr gut bekannt","nicht gut bekannt","sehr gut bekannt","keinen Sommer","wird die Spreu","der Mäuse Tod","kein Moos an","Rosen","aus dem Walde","keine Ahnung","Kirchenmaus","Elefanten machen","werfen","pflücken","gehen",NA,NA,NA,"Wenn einem ein Geschäft gelingen will, muss man sien Geheimnis nicht rumerzählen.","Ein Geschenktes ist zu bemängeln.","Die schönen Sachen sind überall begehrt.","Jede Sache hat zwei Seiten.","-","etwas Überflüssiges durchführen","einer Sache mit der Vernunft nicht folgen",NA,"-","-","-","Besser ein Spatz in der Hand als eine Taube auf dem Dach.","-","-","-","-",NA,NA,"ein Hühnchen zu rufpen haben & für die Katz sein",NA,NA,NA,NA,NA,NA
2023-07-19 10:10:09,"weiblich","25-34 Jahre","Master-Abschluss","Muttersprache","sehr gut bekannt","nicht gut bekannt","nicht gut bekannt","sehr gut bekannt","unbekannt","unbekannt","sehr gut bekannt","unbekannt","gut bekannt","sehr gut bekannt","gut bekannt","gut bekannt","keinen Sommer.",NA,NA,"Berge in Gang.",NA,NA,"bringen.","Kirchenmaus.","Elefanten machen.",NA,"schmücken.","gehen.",NA,NA,NA,"Kenne ich nicht.","Ein Geschenk sollte man ohne Hinterfragen annehmen.","Kenne ich nicht.",NA,NA,"Verschwendung","Kenne ich nicht.",NA,"Kenne ich nicht",NA,"Kenne ich nicht","Kenne keine Variante","Kenne ich nicht","Kenne ich nicht","Sich in die Nesseln setzen","Jemanden hinters Licht fuhren",NA,NA,"Den letzten beißen die Hunde. Butter bei die Fische.",NA,NA,NA,NA,NA,NA
2024-03-11 19:04:30,"männlich","18-24 Jahre","Master-Abschluss","Muttersprache","sehr gut bekannt","nicht gut bekannt","sehr gut bekannt","sehr gut bekannt","sehr gut bekannt","unbekannt","sehr gut bekannt","unbekannt","sehr gut bekannt","sehr gut bekannt","sehr gut bekannt","sehr gut bekannt","keinen Sommer","-","-","-","Rosen","aus dem Wald","bringen","Kirchenmaus","Elefanten machen","streuen","pflücken","gehen",NA,NA,NA,"-","-","-","-","-","-","-",NA,"sehr gut bekannt sein","tief schlafen","kenne ich nicht","Besser ein Spatz in der Hand als eine Taube auf dem Dach.","Ein Esel nennt den anderen Langohr.","kenne ich nicht","sich in die Nesseln setzen","jemanden hinters Licht führen",NA,NA,"Der Apfel fällt nicht weit vom Stamm. & etwas durch die Blume sagen",NA,NA,NA,NA,NA,NA
2023-07-19 18:30:31,"weiblich","18-24 Jahre","Abitur/Matura","Muttersprache","sehr gut bekannt","nicht gut bekannt","unbekannt","unbekannt","unbekannt","unbekannt","sehr gut bekannt","unbekannt","sehr gut bekannt","sehr gut bekannt","unbekannt","sehr gut bekannt",NA,NA,NA,NA,NA,NA,NA,"Kirchenmaus","Elefanten machen",NA,NA,NA,NA,NA,NA,NA,"Man soll Geschenke wertschätzen und nicht immer aufs Geld bzw den Preis achten, sondern die Geste schätzen",NA,NA,NA,"Etwas tolles verschwenden",NA,NA,"Jeder erkennt einen",NA,NA,NA,NA,NA,NA,NA,NA,NA,NA,NA,NA,NA,NA,NA,NA
2023-07-27 10:57:52,"anderes","18-24 Jahre","Abitur/Matura","Muttersprache","sehr gut bekannt","unbekannt","gut bekannt","nicht gut bekannt","unbekannt","unbekannt","sehr gut bekannt","unbekannt","gut bekannt","sehr gut bekannt","nicht gut bekannt","sehr gut bekannt",NA,NA,NA,NA,NA,NA,"– (Ich kenne nur ""auf den Hund kommen"")",NA,"Elefanten machen","werfen/geben (?)","verdienen (?)",NA,NA,NA,NA,"Kenne ich nicht, meine Vermutung: Wer einen Plan hat, soll ihn nicht herumerzählen","Wenn jemand einem ein Geschenk macht, sollte man es nicht kritisieren","Eine attraktive Frau/Person bleibt nicht lange alleinstehend",NA,NA,"Etwas Gutes verschwenden","Kenne ich nicht",NA,"berüchtigt sein (?)",NA,NA,"Lieber einen Spatz in der Hand als eine Taube auf dem Dach.",NA,NA,NA,"jemanden hinters Licht führen",NA,NA,"Einen Kater haben, eine Eselsbrücke bauen (wobei ich häufiger einfach ""Eselsbrücke"" als Begriff verwende, anstatt die ganze Phrase zu sagen)",NA,NA,NA,NA,NA,NA
2023-07-24 13:44:27,"männlich","25-34 Jahre","Master-Abschluss","Muttersprache","sehr gut bekannt","nicht gut bekannt","gut bekannt","gut bekannt","unbekannt","unbekannt","sehr gut bekannt","unbekannt","sehr gut bekannt","sehr gut bekannt","unbekannt","sehr gut bekannt",NA,NA,NA,"manch...","schöne Rosen",NA,"bringen","Kirchenmaus","Elefanten machen","geben","ernten","kommen",NA,NA,NA,"vorsichtig sein, was man preis gibt","sich über ein geschenkt nicht kritisch äussern","kenne ich nicht",NA,NA,"Gutes nicht an Undankbare verschwenden","kenne ich nicht",NA,"kenne ich nicht",NA,NA,"Lieber einen Spatz in der Hand als die Taube auf dem Dach",NA,NA,NA,"jemanden hinters Licht führen",NA,NA,"Schwein gehabt, einem geschenkten Gaul schaut man nicht ins Maul",NA,NA,NA,NA,NA,NA
2023-07-14 00:45:11,"weiblich","35-44 Jahre","Bachelor-Abschluss","Muttersprache","sehr gut bekannt","sehr gut bekannt","sehr gut bekannt","sehr gut bekannt","nicht gut bekannt","gut bekannt","sehr gut bekannt","nicht gut bekannt","gut bekannt","gut bekannt","sehr gut bekannt","sehr gut bekannt",NA,NA,NA,NA,NA,NA,NA,NA,NA,NA,NA,NA,NA,NA,NA,NA,NA,NA,NA,NA,NA,NA,NA,NA,NA,NA,NA,NA,NA,NA,NA,NA,NA,"Schwein haben / Besser ein Heringskopf als gar nichts.",NA,NA,NA,NA,NA,NA
2023-07-17 16:06:00,"weiblich","35-44 Jahre","Master-Abschluss","Muttersprache","gut bekannt","gut bekannt","gut bekannt","sehr gut bekannt","unbekannt","unbekannt","sehr gut bekannt","unbekannt","sehr gut bekannt","sehr gut bekannt","sehr gut bekannt","sehr gut bekannt","keinen Sommer",NA,NA,NA,NA,NA,NA,"Kirchenmaus","Elefant machen","geben","einsammeln",NA,NA,NA,NA,"Man soll Geheimnisse für sich behalten","Man soll die Qualität oder den Preis eines Geschenks nicht hinterfragen","Bei einer günstigen Gelegenheit soll man ohne langes Überlegen zugreifen",NA,NA,"Dinge oder Geld vergeuden","mit den Gedanken an einem anderen Ort sein, abschweifen",NA,"auffallen durch Kleidung, Stil oder Verhalten",NA,NA,NA,NA,NA,NA,NA,NA,NA,"dagegen ist kein Kraut gewachsen, etwas ist weder Fisch noch Vogel",NA,NA,NA,NA,NA,NA
2024-03-06 10:27:43,"weiblich","45-54 Jahre","Abitur/Matura","Muttersprache","sehr gut bekannt","sehr gut bekannt","sehr gut bekannt","sehr gut bekannt","sehr gut bekannt","gut bekannt","sehr gut bekannt","unbekannt","sehr gut bekannt","sehr gut bekannt","gut bekannt","sehr gut bekannt","keinen Sommer","-","der Mäuse Tod","-","Rosen","zuhause","-","Kirchenmaus","Elefanten machen","legen","ernten","gehen",NA,NA,NA,NA,NA,NA,NA,NA,NA,NA,NA,"sehr gut bekannt","lang schlafen","-","-","-","Ein fauler Apfel steckt die anderen an.","-","jemanden hinters Licht führen",NA,NA,"sich in die Höhle des Löwen wagen / jemandem einen Bären aufbinden",NA,NA,NA,NA,NA,NA
2024-02-13 09:21:35,"weiblich","25-34 Jahre","Berufsausbildung","Muttersprache","sehr gut bekannt","unbekannt","sehr gut bekannt","sehr gut bekannt","gut bekannt","sehr gut bekannt","sehr gut bekannt","unbekannt","sehr gut bekannt","sehr gut bekannt","unbekannt","sehr gut bekannt","keinen Sommer","ich kenne nicht","ich kenne nicht","noch nicht","Rosen","aus dem Wald","-","-","Elefanten machen","streuen","ernten","gehen",NA,NA,NA,"-","-","Alle schätzen die Schönheit.","Jeder Reichtum ist nach einer Mühe erreicht.","-","-","-",NA,"gut bekannt sein","immer schläfrig sein",NA,NA,NA,NA,NA,"jemanden täuschen",NA,NA,"durch die Blume sagen / Wer einen Ochsen kauft, kann keine Kuh melken.",NA,NA,NA,NA,NA,NA
2023-07-17 19:15:22,"weiblich","25-34 Jahre","Bachelor-Abschluss","Muttersprache","sehr gut bekannt","unbekannt","gut bekannt","gut bekannt","unbekannt","nicht gut bekannt","sehr gut bekannt","unbekannt","sehr gut bekannt","sehr gut bekannt","gut bekannt","sehr gut bekannt","Keinen Schwarm",NA,NA,NA,"Rosen",NA,"Kommen","Kirchenmaus","Elefanten machen","legen","ernten","gehen",NA,NA,NA,"Für Erfolg darf man es den “Feinden” nicht sagen.","Man schaut keine Preise von Geschenken nach.","Schönes wird schnell genommen / entwenden",NA,NA,"Teures und Schönes an Leute geben, die es nicht schätzen","Unbekannt",NA,"Jemand, den alle überall kennen",NA,"Unbekannt","Kein anderes bekannt","Kein anderes bekannt",NA,NA,NA,NA,NA,"Hunger wie ein Bär haben. Den Fisch machen.",NA,NA,NA,NA,NA,NA
2023-07-17 17:04:15,"weiblich","25-34 Jahre","Bachelor-Abschluss","Muttersprache","sehr gut bekannt","unbekannt","gut bekannt","unbekannt","unbekannt","unbekannt","sehr gut bekannt","unbekannt","sehr gut bekannt","sehr gut bekannt","nicht gut bekannt","sehr gut bekannt","Sommer",NA,NA,NA,NA,NA,"kommen","Maus","Elefanten machen","streuen","ernten","beissen",NA,NA,NA,"Dieses Sprichwort kenne ich nicht.","Man soll nicht auf den finanziellen Wert eines Geschenkes schauen.","Dieses Sprichwort kenne ich nicht.",NA,NA,"Verschwenderisch sein","Diese Redewendung kenne ich nicht.",NA,"Durch sein auffälliges Verhalten und Aussehen bekannt sein.",NA,"Keine Variation bekannt","Keine Variation bekannt","Keine Variation bekannt - vielleicht kann man nur sagen ""Ein Esel schimpft den anderen""","Keine Variation bekannt","In den Nesseln hocken","jemanden hinter die Fichte bringen",NA,NA,"jemand ist ein Glückspilz; jemand sei ein mieser Hund",NA,NA,NA,NA,NA,NA
2024-04-08 13:59:38,"weiblich","18-24 Jahre","Sekundarabschluss","Muttersprache","sehr gut bekannt","unbekannt","sehr gut bekannt","sehr gut bekannt","unbekannt","nicht gut bekannt","sehr gut bekannt","unbekannt","sehr gut bekannt","sehr gut bekannt","nicht gut bekannt","sehr gut bekannt","keinen Sommer","ich kenne nicht","keine Ahnung","ich weiss nicht","keine Ahnung","keine Ahnung","keine Ahnung","keine Ahnung","Elefanten machen","werfen","keine Ahnung","ich weiss nicht wirklich",NA,NA,NA,NA,NA,NA,NA,NA,NA,NA,NA,"das weiss ich nicht","das weiss ich nicht",NA,NA,NA,NA,NA,NA,NA,NA,"vor den Hund kommen / Getroffene Hunde bellen.",NA,NA,NA,NA,NA,NA
2024-03-18 13:33:12,"männlich","45-54 Jahre","Berufsausbildung","Muttersprache","sehr gut bekannt","gut bekannt","sehr gut bekannt","sehr gut bekannt","nicht gut bekannt","gut bekannt","sehr gut bekannt","nicht gut bekannt","sehr gut bekannt","sehr gut bekannt","gut bekannt","sehr gut bekannt","keinen Frühling","Das kenne ich nicht","keine Ahnung","kein Moos an","Rosen","-","-","Kirchenmaus","Elefanten machen","werfen","pflücken","kommen",NA,NA,NA,"kenne ich nicht","Ein Geschenk soll man nicht bemängeln.","Das Schöne ist leicht vergeben.","Das Schöne kann auch Makel haben.","kenne ich nicht","eine unnütze Sache sein","das kenne ich nicht",NA,"-","fest schlafen","kenne ich nicht","Besser ein Spatz in der Hand als eine Taube auf dem Dach.","Ein Esel schilt den anderen Sackträger.","weiss ich nicht","keine Ahnung","keine Ahnung",NA,NA,"Mit Speck fängt man Mäuse. & Getroffene Hunde bellen.",NA,NA,NA,NA,NA,NA
2023-08-02 11:56:38,"weiblich","35-44 Jahre","Promotion","Muttersprache","sehr gut bekannt","nicht gut bekannt","sehr gut bekannt","sehr gut bekannt","unbekannt","unbekannt","sehr gut bekannt","unbekannt","sehr gut bekannt","sehr gut bekannt","nicht gut bekannt","sehr gut bekannt","keinen Sommer",NA,"keine Ahnung","keine Ahnung","keine Ahnung","keine Ahnung","keine Ahnung","Kirchenmaus","Elefanten machen","streuen?","ernten","keine Ahnung",NA,NA,NA,"nie gehört. Es bedeutet wohl, dass man von Plänen nichts preisgeben sollte, weil sonst zu früh andere kommen und die Ideen klauen","Wenn man etwas geschenkt bekommt, kritisiert man es nicht.","nie gehört. Etwas Gutes kommt schnell weg?",NA,NA,"ich kenne es mit ""werfen"". Etwas, was viel zu gut ist für jemanden, an ihn vergeuden. Etwas, was nicht wertgeschätzt wird.","nie gehört. Keine Ahnung, was es bedeuten könnte. Vielleicht abwesend sein?",NA,"Eine Person kennt man überall sehr gut.",NA,"nie gehört","Lieber den Spatz in der Hand als DIE Taube auf dem Dach.","kenne keine Variante","nie gehört","keine Ahnung","jemanden hinters Licht führen",NA,NA,"Der Apfel fällt nicht weit vom Stamm. Der frühe Vogel fängt den Wurm.",NA,NA,NA,NA,NA,NA
2024-03-13 15:43:38,"männlich","65 und älter","Sekundarabschluss","Muttersprache","sehr gut bekannt","gut bekannt","sehr gut bekannt","sehr gut bekannt","gut bekannt","sehr gut bekannt","sehr gut bekannt","gut bekannt","sehr gut bekannt","sehr gut bekannt","sehr gut bekannt","sehr gut bekannt","keinen Sommer","wird die Spreu","der Mäuse Tod","kein Moos an","Rosen","aus dem Wald","bringen","Kirchenmaus","Elefanten machen","werfen","ernten","gehen",NA,NA,NA,"Um sein Ziel erreichen zu können, muss man verschwiegen sein.","Über eine Spende soll man nicht nörgeln.","Man sieht eine schöne gute Sache nicht lange auf der Strasse.","Man bekommt keinen Lohn ohne Arbeit.","-","-","mit den Gedanken abwesend sein",NA,"sehr gut bekannt sein","tief schlafen","-","-","-","-","-","jemanden hinters Licht führen",NA,NA,"sein wie Hund und Katze / den Wald vor lauter Bäumen nicht sehen",NA,NA,NA,NA,NA,NA
2024-03-14 10:22:34,"weiblich","25-34 Jahre","Sekundarabschluss","Muttersprache","sehr gut bekannt","gut bekannt","sehr gut bekannt","sehr gut bekannt","gut bekannt","gut bekannt","sehr gut bekannt","unbekannt","sehr gut bekannt","sehr gut bekannt","nicht gut bekannt","sehr gut bekannt","keinen Frühling","keine Ahnung","der Mäuse Tod","kein Moos","Rosen","aus dem Walde","-",NA,NA,"streuen","ernten","gehen",NA,NA,NA,"keine Ahnung","Man soll nur ein Geschenk annehmen, aber sich darüber nicht beschweren.",NA,NA,"weiss ich nicht","-","weiss ich nicht",NA,"gut bekannt sein",NA,"weiss nicht",NA,"keine Variante","Ein fauler Apfel steckt huntert gesunde an.","weiss ich nicht","jemanden hinters Licht führen",NA,NA,"etwas duch die Blume sagen / Wer Brennesseln pflanzt, kann keine Lilien finden.",NA,NA,NA,NA,NA,NA
2024-04-16 18:22:51,"weiblich","18-24 Jahre","Abitur/Matura","Muttersprache","sehr gut bekannt","unbekannt","sehr gut bekannt","sehr gut bekannt","unbekannt","gut bekannt","sehr gut bekannt","unbekannt","sehr gut bekannt","sehr gut bekannt","nicht gut bekannt","sehr gut bekannt",NA,NA,NA,NA,"Rosen",NA,NA,NA,"Elefanten machen",NA,NA,NA,NA,NA,NA,NA,NA,NA,NA,NA,NA,NA,NA,NA,NA,NA,NA,NA,NA,NA,NA,NA,NA,"Keine Rose ohne Dornen & Einem geschenkten Gaul schaut man nicht ins Maul.",NA,NA,NA,NA,NA,NA
2024-03-05 21:16:12,"männlich","65 und älter","Promotion","Muttersprache","sehr gut bekannt","sehr gut bekannt","sehr gut bekannt","sehr gut bekannt","gut bekannt","sehr gut bekannt","sehr gut bekannt","unbekannt","sehr gut bekannt","sehr gut bekannt","sehr gut bekannt","sehr gut bekannt","keinen Sommer","-","der Mäuse Tod","kein Moos an","gute Rosen","aus dem Walde","bringen","Kirchenmaus","Elefanten machen","werfen","ernten","gehen",NA,NA,NA,"Ein Vorhaben muss geheim gehalten werden.","Ein Geschenktes ist nicht prüfen.","Eine schöne Sache ist rasch genommen.","Das Glück kommt nach harter Arbeit.","Ein Unnützes unternehmen","idem","-",NA,"gut bekannt sein","tief schlafen","keine mögliche Variante kenne ich","Besser ein Spatz in der Hand als eine Taube auf dem Dach.","-","Ein fauler Apfel steckt hundert gesunde an.","sich in die Nesseln setzen","jemanden hinters Licht führen",NA,NA,"wie Hund und Katz sein / Ist die Katze aus dem Haus, so tanzen die Mäuse.",NA,NA,NA,NA,NA,NA
2023-07-29 15:54:02,"weiblich","55-64 Jahre","Habilitation","Muttersprache","sehr gut bekannt","gut bekannt","gut bekannt","unbekannt","unbekannt","unbekannt","sehr gut bekannt","unbekannt","sehr gut bekannt","sehr gut bekannt","sehr gut bekannt","sehr gut bekannt","keinen Sommer.",NA,NA,NA,NA,NA,NA,"Kirchenmaus","Elefanten machen",NA,NA,"gehen",NA,NA,NA,"kenne ich nicht","Man soll an Geshcenktem nicht herummäkeln.","kenne ich nicht",NA,NA,"Etwas Überflüssiges tun/sagen","kenne ich nicht",NA,"sehr gut bekannt sein",NA,NA,NA,NA,NA,NA,NA,NA,NA,"Laß die Hunde bellen, singen kann er nicht.",NA,NA,NA,NA,NA,NA
2023-07-19 18:03:35,"weiblich","25-34 Jahre","Berufsausbildung","Muttersprache","sehr gut bekannt","sehr gut bekannt","sehr gut bekannt","nicht gut bekannt","unbekannt","unbekannt","sehr gut bekannt","nicht gut bekannt","sehr gut bekannt","sehr gut bekannt","sehr gut bekannt","sehr gut bekannt",NA,NA,NA,NA,NA,NA,NA,"Kirchenmaus","Elefanten machen",NA,"Ernten",NA,NA,NA,NA,NA,"Man hinterfragt den Wert eines Geschenkes nicht.","Jeder möchte das Teuerste und Beste besitzen.",NA,NA,NA,"Ans Bier trinken denken",NA,"Der Name ist Publik, die Person ist überall positiv/negativ in aller Munde.",NA,"Wer eine Elster fortschickt, dem kehrt ein bunter Vogel wieder.","Lieber den Spatz in der Hand, statt der Taube auf dem Dach.","Ein Esel maßregelt den Anderen.","Ein bequemer Apfel motiviert hundert andere.","In den Nesseln Platz nehmen.","Jemanden hinter die Fichte begleiten.",NA,NA,"Betroffene Hunde bellen. / Einem geschenkten Gaul schaut man nicht ins Maul.",NA,NA,NA,NA,NA,NA
2024-03-07 20:34:43,"weiblich","25-34 Jahre","Master-Abschluss","Muttersprache","sehr gut bekannt","nicht gut bekannt","sehr gut bekannt","sehr gut bekannt","sehr gut bekannt","sehr gut bekannt","sehr gut bekannt","unbekannt","sehr gut bekannt","sehr gut bekannt","gut bekannt","sehr gut bekannt","keinen Sommer","kommt das Futter zu.","der Mäuse Tod","kein Moos an","Rosen","aus dem Wald","bringen","Kirchenmaus","Elefanten machen","streuen","ernten","gehen",NA,NA,NA,NA,NA,NA,NA,"ein Wertloses machen",NA,NA,NA,"gut bekannt sein","arbeitslos sein",NA,"keine Ahnung","Ein Esel schilt den anderen Langohr.","keine Ahnung","unbekannt","-",NA,NA,"einen Bock schießen / in den sauren Apfel beißen",NA,NA,NA,NA,NA,NA
2024-03-10 08:19:56,"weiblich","35-44 Jahre","Promotion","Muttersprache","sehr gut bekannt","sehr gut bekannt","sehr gut bekannt","sehr gut bekannt","sehr gut bekannt","gut bekannt","sehr gut bekannt","unbekannt","sehr gut bekannt","sehr gut bekannt","sehr gut bekannt","sehr gut bekannt","keinen Sommer","-","-","-","Rosen","-","tragen","Kirchenmaus","Elefanten machen","streuen","ernten","überqueren",NA,NA,NA,NA,"Über ein Geschenktes sollte man nicht nörgeln",NA,NA,NA,NA,NA,NA,"gut bekannt sein","Taugenichts sein",NA,"Der Spatz in der Hand ist besser als eine Taube auf dem Dach.","Ein Esel nennt den anderen Sackträger.","kenne ich nicht","keine Ahnung","jemanden hinters Licht führen",NA,NA,"vom Pferd auf den Esel kommen & mit den Hühnern ins Bett gehen",NA,NA,NA,NA,NA,NA
2023-11-24 13:44:48,"männlich","35-44 Jahre","Abitur/Matura","Muttersprache","sehr gut bekannt","unbekannt","gut bekannt","unbekannt","unbekannt","gut bekannt","sehr gut bekannt","unbekannt","sehr gut bekannt","sehr gut bekannt","gut bekannt","sehr gut bekannt","keinen Sommer",NA,"dass sie nie lachen","kein Moos an",NA,NA,"bringen","Kirchenmaus","Elefanten machen","streuen","ernten",NA,NA,NA,NA,"Etwas offensichtliches muss nicht kommuniziert werden","Unkritisch ein Geschenk annehmen",NA,NA,NA,NA,NA,NA,"Auffällig, berühmt oder prominent sein",NA,NA,NA,NA,NA,NA,NA,NA,NA,"Einen Kater haben und einem geschenkten Gaul schaut man nicht ins Maul",NA,NA,NA,NA,NA,NA
2024-03-10 13:29:50,"weiblich","55-64 Jahre","Habilitation","Muttersprache","sehr gut bekannt","sehr gut bekannt","sehr gut bekannt","sehr gut bekannt","nicht gut bekannt","sehr gut bekannt","sehr gut bekannt","nicht gut bekannt","sehr gut bekannt","sehr gut bekannt","sehr gut bekannt","sehr gut bekannt","keinen Sommer","-","kenne ich nicht","keine Ahnung","Rosen","aus dem Wald","bringen","Kirchenmaus","Elefanten machen","streuen","ernten","schlagen",NA,NA,NA,NA,NA,NA,NA,"keine Ahnung","-","keine Ahnung",NA,"bekannt sein",NA,"-","Besser ein Spatz in der Hand als eine Taube auf dem Dach.","Ein Esel nennt den anderen Sackträger.","Ein fauler Apfel steckt die anderen Früchte an.","sich in die Nesseln setzen","jemanden hinters Licht führen",NA,NA,"Der Fisch stinkt vom Kopf. Wo jedermann geht, da wächst kein Gras.",NA,NA,NA,NA,NA,NA
2023-08-15 20:48:29,"männlich","25-34 Jahre","Bachelor-Abschluss","Muttersprache","sehr gut bekannt","unbekannt","unbekannt","unbekannt","unbekannt","unbekannt","sehr gut bekannt","unbekannt","sehr gut bekannt","sehr gut bekannt","unbekannt","sehr gut bekannt","keinen Sommer",NA,NA,NA,NA,NA,NA,"Kirchenmaus","Elefanten machen",NA,NA,NA,NA,NA,NA,"Kenne ich nicht.","Geschenke soll man nicht kritisieren.","Man sollte gute Gelegenheiten schnell ausnutzen.",NA,NA,"Kenne ich nicht.","Kenne ich nicht.",NA,"Kenne ich nicht.",NA,"Kenne ich nicht.","Besser auf Nummer sicher gehen als für einen grösseren Ertrag alles zu riskieren.","Kenne ich nicht.","Kenne ich nicht.","In einer unangenehmen Situatio nsein.","Kenne ich nicht.",NA,NA,"Wie die Maus in der Falle. Hungrig wie ein Bär.",NA,NA,NA,NA,NA,NA
2023-07-18 17:29:14,"weiblich","25-34 Jahre","Master-Abschluss","Muttersprache","sehr gut bekannt","gut bekannt","nicht gut bekannt","gut bekannt","unbekannt","nicht gut bekannt","sehr gut bekannt","unbekannt","sehr gut bekannt","sehr gut bekannt","gut bekannt","sehr gut bekannt","keinen Sommer",NA,NA,NA,NA,NA,"kommen","Kirchenmaus","einen Elefanten machen",NA,"ernten",NA,NA,NA,NA,"unbekannt","Wenn man etwas geschenkt erhält, soll man nicht meckern und dankbar sein, auch wenn man sich vielleicht etwas anderes erhofft hätte.","unbekannt, vielleicht im Sinne von 'man soll die Gelegenheit ergreifen, wenn sich einem etwas Schönes erbietet'",NA,NA,"unbekannt","unbekannt, aber hätte es als 'geistig abwesend, mit den Gedanken woanders sein' interpretiert",NA,"eine sehr bekannte Person (wie ein gescheckter Hund, weil dieser auffällt)",NA,NA,"Lieber den Spatz in der Hand als die Taube auf dem Dach.",NA,NA,NA,"jemanden hinters Licht führen",NA,NA,"Der Apfel fällt nicht weit vom Stamm. / Einen Kater haben.",NA,NA,NA,NA,NA,NA
2024-03-20 07:47:04,"weiblich","18-24 Jahre","Sekundarabschluss","Muttersprache","sehr gut bekannt","unbekannt","sehr gut bekannt","sehr gut bekannt","unbekannt","nicht gut bekannt","sehr gut bekannt","nicht gut bekannt","sehr gut bekannt","sehr gut bekannt","gut bekannt","sehr gut bekannt","keinen Frühling","keine Ahnung","der Mäuse Tod","Das weiss ich nicht","Rosen","zu Hause","bringen","kenne ich nicht","Elefanten machen","werfen","das weiss ich nicht","fallen",NA,NA,NA,"ich weiss nicht","keine Ahnung","-","-","-","-","-",NA,"sehr gut bekannt sein","schlärig sein","kenne ich nicht","Der Spatz in der Hand ist besser als eine Taube auf dem Dach.","keine andere Form","weiss ich nicht","-","-",NA,NA,"einen Vogel haben / eine dicke Birne haben",NA,NA,NA,NA,NA,NA
2023-10-26 21:00:57,"männlich","25-34 Jahre","Abitur/Matura","Muttersprache","gut bekannt","nicht gut bekannt","nicht gut bekannt","sehr gut bekannt","nicht gut bekannt","nicht gut bekannt","sehr gut bekannt","nicht gut bekannt","sehr gut bekannt","sehr gut bekannt","nicht gut bekannt","sehr gut bekannt",NA,NA,NA,NA,"Rosen",NA,"nehmen","Maus","Elefanten machen","streuen","ernten",NA,NA,NA,NA,"Ich denke das bedeutet man soll niemandem erzählen, wenn man etwas Wertvolles hat, sonst wird es von jemandem gestohlen.","Wenn man etwas geschenkt bekommt, soll man froh und dankbar sein darum und es nicht bemängeln, egal was es für ein Geschenk ist.","Wenn etwas schön ist, wird es begehrt.",NA,NA,"Das weiss ich nicht.","Das weiss ich nicht.",NA,"Das weiss ich nicht.",NA,"Das weiss ich nicht.","Das weiss ich nicht.","Das weiss ich nicht.","Das weiss ich nicht.","Das weiss ich nicht.","Das weiss ich nicht.",NA,NA,"Einem geschenkten Gaul schaut man nicht ins Maul. Der frühe Vogel fängt den Wurm.",NA,NA,NA,NA,NA,NA
2023-07-23 11:42:00,"männlich","18-24 Jahre","Bachelor-Abschluss","Muttersprache","nicht gut bekannt","unbekannt","unbekannt","nicht gut bekannt","unbekannt","unbekannt","sehr gut bekannt","unbekannt","sehr gut bekannt","sehr gut bekannt","nicht gut bekannt","sehr gut bekannt",NA,NA,NA,NA,"Rosen",NA,NA,NA,"Elefanten machen",NA,"ernten",NA,NA,NA,NA,"Unbekannt","Nicht über ein Geschenk meckern","Unbekannt",NA,NA,"Unbekannt","Unbekannt",NA,"Unbekannt",NA,NA,NA,NA,NA,NA,NA,NA,NA,"Der frühe Vogel fängt den Wurm.
Ein blindes Huhn findet auch mal ein Korn.",NA,NA,NA,NA,NA,NA
2023-07-17 16:43:59,"männlich","25-34 Jahre","Abitur/Matura","Muttersprache","sehr gut bekannt","nicht gut bekannt","nicht gut bekannt","nicht gut bekannt","unbekannt","unbekannt","sehr gut bekannt","unbekannt","gut bekannt","sehr gut bekannt","nicht gut bekannt","sehr gut bekannt",NA,NA,NA,NA,NA,NA,NA,NA,"Elefanten machen",NA,"Einsammeln",NA,NA,NA,NA,"Weiß ich nicht","Wenn etwas geschenkt ist, hackt man nicht drauf rum.",NA,NA,NA,NA,NA,NA,NA,NA,NA,NA,NA,NA,NA,NA,NA,NA,"Der Hund ist ein Löwe in seinem Hause",NA,NA,NA,NA,NA,NA
2024-04-13 20:23:58,"weiblich","18-24 Jahre","Berufsausbildung","Muttersprache","sehr gut bekannt","unbekannt","sehr gut bekannt","sehr gut bekannt","unbekannt","nicht gut bekannt","sehr gut bekannt","unbekannt","sehr gut bekannt","sehr gut bekannt","gut bekannt","sehr gut bekannt","keinen Sommer","unbekennt","ich weiss nicht","ich weiss nicht","Rosen","aus dem Walde","bringen","ich weiss nicht","Elefanten machen","keine Ahnung","essen","ich kenne nicht",NA,NA,NA,"Ein geschickter Mensch soll überall sein Vorhaben nicht erzählen.","Ein Geschenk soll man nicht bemängeln",NA,NA,"etwas überflüssiges machen",NA,NA,NA,"auffallen","schlafen?",NA,NA,NA,NA,NA,"jemanden hinters Licht führen",NA,NA,"Keine Rose ohne Dornen / Verbotene Äpfel sind süß.",NA,NA,NA,NA,NA,NA
2023-11-14 22:09:21,"weiblich","35-44 Jahre","Master-Abschluss","Muttersprache","sehr gut bekannt","unbekannt","gut bekannt","unbekannt","unbekannt","unbekannt","sehr gut bekannt","unbekannt","gut bekannt","sehr gut bekannt","gut bekannt","sehr gut bekannt","keinen Sommer",NA,NA,NA,NA,NA,NA,"Kirchenmaus","Elefanten machen","geben","ernten","gehen",NA,NA,NA,"besser nicht Pläne denen erzählen, die einem im Weg stehen würden?","Geschenke annehmen und nicht hinterfragen","man muss rasch zugreifen bei attraktiven Angeboten? oder attraktive Menschen sind rasch vergeben?",NA,NA,"wenn man für jmd erwas macht/gibt und er es nicht schätz",NA,NA,NA,NA,NA,"Besser einen Spatz in der Hand als eine Taube auf dem Dach",NA,NA,NA,NA,NA,NA,"Besser den Spatz in der Hand, als die Taube auf dem Dach.
Der Apfel fällt nicht weit vom Stamm.",NA,NA,NA,NA,NA,NA
2024-03-07 09:40:38,"männlich","45-54 Jahre","Abitur/Matura","Muttersprache","sehr gut bekannt","sehr gut bekannt","sehr gut bekannt","sehr gut bekannt","sehr gut bekannt","sehr gut bekannt","sehr gut bekannt","unbekannt","sehr gut bekannt","sehr gut bekannt","sehr gut bekannt","sehr gut bekannt","keinen Sommer","kommt das Heu zu","-","-",NA,"zu Hause","bringen","Kirchenmaus","Elefanten machen","streuen","ernten","hauen",NA,NA,NA,"Alles ist nicht herumzuerzählen",NA,NA,NA,NA,NA,"weiss ich nicht",NA,"sehr gut bekannt",NA,NA,"-","Ein Esel schimpt den anderen Sackträger.","Ein fauler Apfel steckt hundert gesunde an.","in der Patsche sitzen","keine Ahnung",NA,NA,"mit jemandem Pferde stehlen & ein toller Hecht sein",NA,NA,NA,NA,NA,NA
2024-02-13 15:12:31,"männlich","35-44 Jahre","Bachelor-Abschluss","Muttersprache","sehr gut bekannt","gut bekannt","sehr gut bekannt","sehr gut bekannt","gut bekannt","sehr gut bekannt","sehr gut bekannt","unbekannt","sehr gut bekannt","sehr gut bekannt","gut bekannt","sehr gut bekannt","keinen Sommer","-","der Mäuse Tod","-","Rosen","im Bett","-","Kirchenmaus","Elefanten machen","werfen","ernten","gehen",NA,NA,NA,"-","-","Jeder Mann will eine schöne Frau haben.","Jede Sache hat eine Doppelseite","-","-","-",NA,"sehr berühmt sein","die ganze Zeit am Schlafen verbringen",NA,NA,NA,NA,NA,"jemanden anlügen",NA,NA,"Die Lerche fliegt hoch, aber sie baut ihr Nest auf der Erde.",NA,NA,NA,NA,NA,NA
2023-07-20 13:22:05,"weiblich","25-34 Jahre","Master-Abschluss","Muttersprache","sehr gut bekannt","unbekannt","nicht gut bekannt","nicht gut bekannt","unbekannt","unbekannt","sehr gut bekannt","unbekannt","sehr gut bekannt","sehr gut bekannt","nicht gut bekannt","sehr gut bekannt",NA,NA,NA,"kein Moss an",NA,NA,"bringen","Kirchenmaus","Elephanten machen",NA,"ernten",NA,NA,NA,NA,"kenne ich nicht","man soll sein Glück nicht hinterfragen","wenn sich etwas Gutes/Positives bietet, soll man nicht zögern",NA,NA,"jemand weiss Dinge nicht zu schätzen","abgelenkt sein",NA,"etwas/jemand ist auffällig",NA,NA,NA,NA,NA,NA,NA,NA,NA,"das schleckt keine Geiss weg; jemandem ist eine Laus über die Leber gekrochen",NA,NA,NA,NA,NA,NA
2023-07-17 18:37:59,"weiblich","25-34 Jahre","Master-Abschluss","Muttersprache","sehr gut bekannt","nicht gut bekannt","nicht gut bekannt","gut bekannt","nicht gut bekannt","unbekannt","sehr gut bekannt","unbekannt","sehr gut bekannt","sehr gut bekannt","unbekannt","sehr gut bekannt","keinen Frühling",NA,"der Mäuse Tod",NA,"Rosen",NA,"kommen","Kirchenmaus","Elefanten machen","streuen","ernten","gehen",NA,NA,NA,"ein Geheimnis für sich behalten","ein Geschenk/Gabe nicht kritisieren/in Frage stellen","Erfolg bricht schnell ab",NA,NA,"etwas Verschwenden","am Herumträumen sein",NA,"unbekannt",NA,NA,"lieber den Spatz in der Hand als gar keinen Vogel",NA,NA,NA,"jemanden hinters Licht führen",NA,NA,NA,NA,NA,NA,NA,NA,NA
2023-07-20 10:59:23,"weiblich","18-24 Jahre","Abitur/Matura","Muttersprache","sehr gut bekannt","nicht gut bekannt","gut bekannt","nicht gut bekannt","unbekannt","unbekannt","sehr gut bekannt","unbekannt","sehr gut bekannt","sehr gut bekannt","nicht gut bekannt","sehr gut bekannt","keinen Sommer.",NA,NA,NA,NA,NA,"bringen.","Kirchenmaus.","Elefanten machen.",NA,"ernten.",NA,NA,NA,NA,"Dass man, um Erfolg zu haben, anderen (möglichen Konkurrent*innen) nicht zu viel erzählen soll.","Gute Dinge und Taten von anderen Menschen, deren Motivation auf den ersten Blick nicht gleich ersichtlich ist, nicht zu stark hinterfragen sondern lieber das Angebot annehmen und profitieren.","Kenne ich nicht.",NA,NA,"Etwas Schönes, Gutes o.ä. wird verschwendet oder nicht angemessen gewürdigt, etwas ist zu Gut für das Andere.","Kenne ich nicht.",NA,"Jemand der bekannt ist, weil er auffällig ist, weil er aus der Masse heraussticht.",NA,"Kenne ich nicht.","Kenne keine bekannte Umformulierung.","Kenne ich nicht.","Kenne ich nicht.","Kenne ich nicht.","Jemanden hinters Licht führen.",NA,NA,"Da hast du Schwein gehabt. Der frühe Vogel fängt den Wurm.",NA,NA,NA,NA,NA,NA
2024-03-20 14:00:56,"weiblich","45-54 Jahre","Master-Abschluss","Muttersprache","sehr gut bekannt","gut bekannt","sehr gut bekannt","sehr gut bekannt","gut bekannt","gut bekannt","sehr gut bekannt","nicht gut bekannt","sehr gut bekannt","sehr gut bekannt","gut bekannt","sehr gut bekannt","keinen Sommer","unbekannt","der Mäuse Tod","kein Moos an","Rosen","zu Hause","bringen","Kirchenmaus","Elefanten machen","streuen","ernten","gehen",NA,NA,NA,"keine Ahnung","bekannt","bekannt","bekannt","unbekannt","unbekannt","unbekannt",NA,"sehr gut bekannt sein","tief schlafen","unbekannt","Besser ein Spatz in der Hand als eine Taube auf dem Dach.","Ein Esel nennt den anderen Langohr.","unbekannt","sich in die Brennnesseln setzen","jemanden hinters Licht führen",NA,NA,"Hunde, die bellen, beißen nicht. / jemanden zur Schnecke machen",NA,NA,NA,NA,NA,NA
2024-03-05 15:32:21,"männlich","55-64 Jahre","Sekundarabschluss","Muttersprache","sehr gut bekannt","sehr gut bekannt","sehr gut bekannt","sehr gut bekannt","sehr gut bekannt","sehr gut bekannt","sehr gut bekannt","unbekannt","sehr gut bekannt","sehr gut bekannt","sehr gut bekannt","sehr gut bekannt","keinen Sommer","keine Ahnung","der Mäuse Tod","-","Rosen","aus dem Wald","bringen","Kirchenmaus","Elefanten machen","streuen","ernten","gehen",NA,NA,NA,"unbekannt","keine Ahnung","Man findet eine gute Kuh im Stall.","Wer nicht gespielt hat, darf sich keinen Sieg anstreben.",NA,"-","weiss nicht",NA,"sehr beliebt sein","tief schlafen","-","-","-","-","-","jemanden täuschen",NA,NA,"Wo Hunde sind, da ist auch Hundedreck. / Der frühe Vogel fängt den Wurm.",NA,NA,NA,NA,NA,NA
2024-03-13 20:09:01,"männlich","45-54 Jahre","Abitur/Matura","Muttersprache","sehr gut bekannt","gut bekannt","sehr gut bekannt","sehr gut bekannt","unbekannt","nicht gut bekannt","sehr gut bekannt","nicht gut bekannt","sehr gut bekannt","sehr gut bekannt","gut bekannt","sehr gut bekannt","keinen Sommer","-","keine Ahnung",NA,"Rosen",NA,"bringen","Kirchenmaus",NA,"streuen","pflücken","gehen",NA,NA,NA,"-",NA,NA,NA,"-","etwas Unnützes durchführen","kenne ich nicht",NA,"sehr gut bekannt sein",NA,"keine Ahnung",NA,"Ein Esel schilt den anderen Langohr.","keine Ahnung","keine Ahnung","jemanden hinters Licht führen",NA,NA,"einen Kater haben & Die Ente lacht über das Watscheln der Gans.",NA,NA,NA,NA,NA,NA
2023-07-17 15:56:12,"weiblich","25-34 Jahre","Abitur/Matura","Muttersprache","sehr gut bekannt","nicht gut bekannt","gut bekannt","unbekannt","gut bekannt","gut bekannt","sehr gut bekannt","gut bekannt","sehr gut bekannt","sehr gut bekannt","gut bekannt","sehr gut bekannt",NA,NA,NA,"setzt kein Moos an","Rosen",NA,NA,"Maus","Elefanten machen","streuen","ernten","gehen",NA,NA,NA,"kenne ich nicht","wenn etwas geschenkt wird, hinterfragt man nicht, wie gut das Geschenk ist (undankbar)","eine schöne Blume (etwas schönes) wird schnell gepflückt",NA,NA,"Verschwendung","geistesabwesend sein",NA,"kenne ich nicht",NA,NA,NA,NA,NA,NA,NA,NA,NA,"wo der Fuchs und der Hase einander gute Nacht sagen / besser den Spatz in der Hand als die Taube auf dem Dach",NA,NA,NA,NA,NA,NA
2023-07-17 20:00:31,"weiblich","18-24 Jahre","Abitur/Matura","Muttersprache","gut bekannt","nicht gut bekannt","unbekannt","nicht gut bekannt","unbekannt","unbekannt","sehr gut bekannt","nicht gut bekannt","sehr gut bekannt","sehr gut bekannt","gut bekannt","sehr gut bekannt","keinen Sommer",NA,"der Mäuse Tod","kein Moos an","Rosen","aus dem Walde","kommen","Kirchenmaus","Elefanten machen","streuen","ernten",NA,NA,NA,NA,"nicht alles den anderen erzählen und unter die Nase reiben","dankbar sein mit jedem Geschenk, es nicht hinterfragen oder bewerten","Schönheit verführt",NA,NA,"jemandem etwas Schönes geben wollen, der das aber nicht schätzt","viel nachdenken",NA,"alle kennen die Person",NA,NA,"besser den Spatz in der Hand als eine Taube auf dem Dach",NA,"ein fauler Apfel verdirbt den ganzen Korb","sich in die Nesseln setzen","jemanden hinter das Licht führen",NA,NA,"einen Frosch im Hals haben, die Katze aus dem Sack lassen",NA,NA,NA,NA,NA,NA
2024-03-24 09:34:48,"männlich","25-34 Jahre","Master-Abschluss","Muttersprache","sehr gut bekannt","gut bekannt","sehr gut bekannt","sehr gut bekannt","unbekannt","gut bekannt","sehr gut bekannt","unbekannt","sehr gut bekannt","sehr gut bekannt","gut bekannt","sehr gut bekannt","keinen Sommer","unbekannt","kenne ich nicht","kenne ich nicht","keine Ahnung","aus dem Walde","bringen","Kirchenmaus","Elefanten machen","streuen","einheimsen","hauen",NA,NA,NA,"ich weiss nicht","Etwas Kostenloses ist nicht nachzuprüfen.","Die schönen Dinge sind schnell vergeben.","-","etwas machen, das keine Bedeutung hat.","-","keine Ahnung",NA,"sehr erkennbar sein","faul sein","kenne ich nicht","Der Spatz in der Hand ist besser als eine Taube auf dem Dach.","Ein Esel schilt den anderen Sackträger.","Ein fauler Apfel steckt hundert gesunde an.","Das weiss ich nicht","Das weiss ich auch nicht",NA,NA,"eine Eselsbrücke bauen & den Bock zum Gärtber machen",NA,NA,NA,NA,NA,NA
2023-07-19 21:28:43,"weiblich","35-44 Jahre","Promotion","Muttersprache","sehr gut bekannt","sehr gut bekannt","nicht gut bekannt","unbekannt","unbekannt","unbekannt","sehr gut bekannt","unbekannt","sehr gut bekannt","sehr gut bekannt","gut bekannt","sehr gut bekannt","keinen Sommer",NA,NA,NA,NA,NA,"bringen","Kirchenmaus","Elefanten","streuen","einheimsen",NA,NA,NA,NA,"Unbekannt",NA,"Unbekannt",NA,NA,"Etwas lohnt sich nicht, wird verschwendet","Unbekannt",NA,"Eine Person, die über ihr Umfeld hinaus seht bekannt ist.",NA,NA,NA,NA,NA,NA,NA,NA,NA,"1) Der Apfel fällt nicht weit vom Stamm. 2) jemand hat Schwein.",NA,NA,NA,NA,NA,NA
2023-07-17 14:42:23,"männlich","35-44 Jahre","Master-Abschluss","Muttersprache","sehr gut bekannt","nicht gut bekannt","gut bekannt","nicht gut bekannt","nicht gut bekannt","gut bekannt","sehr gut bekannt","unbekannt","sehr gut bekannt","sehr gut bekannt","sehr gut bekannt","sehr gut bekannt",NA,NA,NA,NA,NA,NA,NA,"Kirchenmaus","Elefanten machen",NA,"einstecken",NA,NA,NA,NA,NA,"Man hinterfragt das Geschenk nicht.",NA,NA,NA,"Jemandem etwas geben, zeigen etc., welches dann nicht wertgeschätzt wird.","abgelenkt, zerstreut sein?",NA,"Sehr bekannt, sehr auffällig sein, sich geben.",NA,NA,NA,NA,NA,NA,NA,NA,NA,"Fleissig wie eine Biene sein/Besser ein Heringskopf als gar nichts.",NA,NA,NA,NA,NA,NA
2023-07-17 18:38:22,"weiblich","25-34 Jahre","Abitur/Matura","Muttersprache","sehr gut bekannt","unbekannt","gut bekannt","nicht gut bekannt","unbekannt","nicht gut bekannt","sehr gut bekannt","nicht gut bekannt","sehr gut bekannt","sehr gut bekannt","unbekannt","sehr gut bekannt",NA,NA,NA,NA,"Rosen",NA,NA,"Maus","Elefanten machen","legen","verdienen",NA,NA,NA,NA,"Bin mir nicht sicher. Vielleicht, dass man Leute nicht informieren sollte, über etwas, wovon si profitieren könnten, wenn man selber davon profitieren möchte.","Etwas, dass man geschenkt bekommt, sollte nicht genauer nachgeschaut oder hinterfragt werden.","Weiss nicht.",NA,NA,"Etwas Gutes verschwenden oder nicht Acht geben.","Verloren sein mit den Gedanken, bzw. sich nicht erinnern oder tagträumen",NA,"Weiss nicht.",NA,NA,NA,NA,NA,NA,NA,NA,NA,"""Durch die Blume gesagt"" ""Gras rauchen""",NA,NA,NA,NA,NA,NA
2024-03-18 15:28:39,"weiblich","25-34 Jahre","Berufsausbildung","Muttersprache","sehr gut bekannt","gut bekannt","sehr gut bekannt","sehr gut bekannt","gut bekannt","gut bekannt","sehr gut bekannt","unbekannt","sehr gut bekannt","sehr gut bekannt","sehr gut bekannt","sehr gut bekannt","keinen Frühling","unbekannt","der Mäuse Tod","keine Ahnung","Rosen","aus dem Walde","bringen","Kirchenmaus","Elefanten machen","streuen","ernten","gehen",NA,NA,NA,"Wer Erfolg haben will, soll den anderen seine Pläne nicht sagen.","An einem Geschenk soll man nicht mäkeln.","Eine schöne Frau bzw. Sache wird man schnell nehmen.","Jedes Ding hat seinen Schatten.","-","-","keine Ahnung",NA,"-","tief schlafen","keine Ahnung","Besser ein Spatz in der Hand als eine Taube auf dem Dach.","Ein Esel nennt den anderen Langohr.","keine Ahnung","keine Ahnung","jemanden hinters Licht führen",NA,NA,"Wer dem Fuchs glaubt, wird betrogen. den Wald vor lauter Bäumen nicht sehen",NA,NA,NA,NA,NA,NA
2023-07-17 14:49:48,"weiblich","25-34 Jahre","Bachelor-Abschluss","Muttersprache","sehr gut bekannt","gut bekannt","sehr gut bekannt","sehr gut bekannt","unbekannt","nicht gut bekannt","sehr gut bekannt","unbekannt","sehr gut bekannt","sehr gut bekannt","nicht gut bekannt","sehr gut bekannt","keinen Sommer",NA,NA,NA,NA,NA,NA,"Kirchenmaus","Elefanten machen",NA,NA,NA,NA,NA,NA,"kenne ich nicht","wenn man etwas geschenkt bekommt (muss nicht ein wirkliches Geschenk sein, kann sich auch um irgendeinen Vorteil oder so handeln), soll man das nicht genauer hinterfragen","kenne ich nicht",NA,NA,"Wenn man jemandem etwas gibt / sagt, der das gar nicht zu schätzen weiss oder nichts damit anfangen kann. Wie eben Säue mit Perlen.","kenne ich nicht",NA,"Sehr bekannt sein, auffallen",NA,"kenne ich nicht","Lieber einen Spatz nah bei mir als eine Taube etwas weiter weg.","kenne ich nicht","Ein fauler Apfel zerstört den ganzen Baum","kenne ich nicht","kenne ich nicht",NA,NA,"Einen Kater haben & jemanden als Lauch bezeichnen",NA,NA,NA,NA,NA,NA
2023-07-21 16:20:45,"weiblich","25-34 Jahre","Bachelor-Abschluss","Muttersprache","sehr gut bekannt","nicht gut bekannt","gut bekannt","nicht gut bekannt","unbekannt","unbekannt","sehr gut bekannt","unbekannt","sehr gut bekannt","sehr gut bekannt","unbekannt","sehr gut bekannt","keinen Sommer",NA,"der Mäuse Schmerz","kein Moos an.","Rosen.",NA,"gehen","Kirchenmaus","Elefanten machen","streuen","einheimsen","gehen",NA,NA,NA,"wenn etwas gut werden soll, sollte es nicht herumerzählt werden","ein Geschenk annehmen und nicht darüber nörgeln","Schöne Dinge sollte man schützen, vielleicht auch etwas zur Partnerwahl…",NA,NA,"Etwas Wertvolles vergeuden","kenne ich nicht, könnte aber sowiel wie „lost“ bedeuten",NA,"aufgrund einer markanten Auffälligkeit weitum bekannt sein",NA,"weiss ich nicht","Lieber den Spatz in der Hand als die Taube auf dem Dach.","weiss nicht","Ein fauler Apfel steckt hundert weitere an.","auf glühenden Kohlen sitzen","jemanden an der Nase herum führen",NA,NA,"Lieber ein Spatz in der Hand, als eine Taube auf dem Dach. / Das schläckt e kei Geiss eweg",NA,NA,NA,NA,NA,NA
2024-04-03 14:28:20,"weiblich","35-44 Jahre","Sekundarabschluss","Muttersprache","sehr gut bekannt","gut bekannt","sehr gut bekannt","sehr gut bekannt","gut bekannt","gut bekannt","sehr gut bekannt","gut bekannt","sehr gut bekannt","sehr gut bekannt","gut bekannt","sehr gut bekannt","keinen Frühling","Das weiss ich nicht.","-","-","Rosen","-","bringen","-","Elefanten machen","-","-","kommen",NA,NA,NA,NA,NA,NA,NA,NA,NA,NA,NA,"sehr gut bekannt sein","schlafen wie Siebenschläfer",NA,NA,NA,NA,NA,"jemanden hinters Licht führen",NA,NA,"Einem geschenkten Gaul schaut man nicht ins Maul. / jemandem einen Bären aufbinden",NA,NA,NA,NA,NA,NA
2024-02-09 20:50:02,"männlich","45-54 Jahre","Master-Abschluss","Muttersprache","sehr gut bekannt","sehr gut bekannt","sehr gut bekannt","sehr gut bekannt","gut bekannt","sehr gut bekannt","sehr gut bekannt","nicht gut bekannt","sehr gut bekannt","sehr gut bekannt","sehr gut bekannt","sehr gut bekannt","keinen Sommer","-","der Mäuse Tod","kein Moos an","Rosen","aus dem Wald","bringen","Kirchenmaus","Elefanten machen","streuen","ernten","gehen",NA,NA,NA,"Ein Geheimnis muss nicht kommuniziert werden",NA,"Gute Dinge ziehen sich nicht lange auf dem Markt hin.","Gute Sachen haben auch Schattenseiten","etwas Unnötiges betreiben","die Zeit für nichts verbringen","-",NA,"von allen bekannt sein","gemütlich schlafen","-","-",NA,NA,"-","jemanden hinters Licht führen",NA,NA,"Butter bei die Fische geben/ Schwein haben",NA,NA,NA,NA,NA,NA
2024-03-29 20:22:46,"weiblich","25-34 Jahre","Berufsausbildung","Muttersprache","sehr gut bekannt","gut bekannt","sehr gut bekannt","sehr gut bekannt","nicht gut bekannt","gut bekannt","sehr gut bekannt","kenne ich nicht","sehr gut bekannt","sehr gut bekannt","gut bekannt","sehr gut bekannt","keinen Sommer","unbekannt","der Mäuse Tod","kein Moos an","Rosen","aus dem Walde","bringen","Kirchenmaus","Elefanten machen","streuen","ernten","kommen",NA,NA,NA,"-","-","--","-","-","-","-",NA,"gut bekannt","fest schlafen","-","Besser ein Spatz in der Hand als eine Taube auf dem Dach.","-",".","keine Ahnung","keine Ahnung",NA,NA,"jemandem ein Kuckucksei ins Nest legen / Keine Rose ohne Dornen.",NA,NA,NA,NA,NA,NA
2023-07-17 11:59:20,"männlich","25-34 Jahre","Bachelor-Abschluss","Muttersprache","sehr gut bekannt","nicht gut bekannt","unbekannt","unbekannt","nicht gut bekannt","nicht gut bekannt","sehr gut bekannt","nicht gut bekannt","sehr gut bekannt","sehr gut bekannt","gut bekannt","sehr gut bekannt","keinen Sommer.",NA,NA,"tausende in Bewegung.","Rosen.",NA,NA,"Kirchenmaus","Elefanten machen",NA,"ernten",NA,NA,NA,NA,"Man erzählt jemand drittem nicht was mach vor hat, damit dieser nichts dagegen sagen kann.","Man beschwert sich nicht über Geschenke.","Nicht gehört/gebraucht.",NA,NA,"Etwas gutes an jemanden geben, der es nicht wertschätzt/nicht verdient hat.","Nicht gehört.",NA,"Jeder kennt die Person oder das Phänomen.",NA,NA,NA,NA,NA,"In den Dornen sitzen.",NA,NA,NA,"Butter bei die Fische.

Der Apfel fällt nicht weit vom Stamm.",NA,NA,NA,NA,NA,NA
2024-02-11 21:02:40,"männlich","55-64 Jahre","Abitur/Matura","Muttersprache","sehr gut bekannt","gut bekannt","sehr gut bekannt","sehr gut bekannt","gut bekannt","sehr gut bekannt","sehr gut bekannt","unbekannt","sehr gut bekannt","sehr gut bekannt","sehr gut bekannt","sehr gut bekannt","keinen Sommer","keine Ahnung","der Mäuse Tod","kein Moos an","Rosen","zu Hause","bringen","Kirchenmaus","Elefanten machen","werfen","ernten","hauen",NA,NA,NA,"Es ist beser vorsichtig zu sein.","Man nimmt ein Geschenk unkritisch an.","Die Schönheit ist rasch vergeben.","Das Glück ist mittels harter Abrbeit zu erreichen.","Überfluss machen","unsinnig schaffen","geistesabwesend sein",NA,"sehr gut bekannt sein","tief und fest schlafen",NA,NA,NA,NA,"sich in die Nesseln setzen","keine Ahnung",NA,NA,"einen Bärenhunger haben / jemadem einen Bären aufbinden",NA,NA,NA,NA,NA,NA
2024-02-10 16:11:38,"weiblich","65 und älter","Master-Abschluss","Muttersprache","sehr gut bekannt","sehr gut bekannt","sehr gut bekannt","sehr gut bekannt","gut bekannt","sehr gut bekannt","sehr gut bekannt","gut bekannt","sehr gut bekannt","sehr gut bekannt","sehr gut bekannt","sehr gut bekannt","keinen Sommer","-","der Mäuse Tod","kein Moos an","Rosen","zuhause","bringen","Kirchenmaus","Elefanten machen","streuen","ernten","gehen",NA,NA,NA,"Man soll nicht allen seinen Plan verraten.","Der Mensch ist nicht zu prüfen das, was er gratis bekommen hat.","eine hübsche Frau ist schnell vergeben.","kein Glück ohne Mühe","unwichtig machen","Wertloses machen","-",NA,"beliebt sein","immer schläfrig sein",NA,"keine Ahnung","-","-","in den Nesseln sein","jemanden hinters Licht führen",NA,NA,"Der Fisch stinkt vom Kopf. / die Katze im Sack kaufen",NA,NA,NA,NA,NA,NA
2024-04-19 17:34:04,"männlich","25-34 Jahre","Berufsausbildung","Muttersprache","sehr gut bekannt","unbekannt","sehr gut bekannt","sehr gut bekannt","unbekannt",NA,"sehr gut bekannt","gut bekannt","sehr gut bekannt","sehr gut bekannt","nicht gut bekannt","sehr gut bekannt",NA,NA,NA,NA,NA,NA,NA,NA,"Elefanten machen",NA,NA,NA,NA,NA,NA,NA,NA,NA,NA,NA,NA,NA,NA,NA,NA,NA,NA,NA,NA,NA,NA,NA,NA,"Der Apfel fällt nicht weit vom Stamm. & Auch ein blindes Huhn findet mal ein Korn.",NA,NA,NA,NA,NA,NA
